pr_id,repo,cfg_total_nodes,cfg_total_edges,cfg_branch_nodes,cfg_loop_nodes,cfg_exit_nodes,cfg_entry_nodes,cfg_cyclomatic_complexity,cfg_max_branch_depth,cfg_avg_out_degree,cfg_files_processed,cfg_files_with_cfg,cfg_available
2982655795,kubernetes/kubernetes,2,1,0,0,0,1,1,0,0.5,1,1,True
2986965670,kubernetes/kubernetes,11,11,1,0,2,1,2,1,1.0,1,1,True
3053707565,kubernetes/kubernetes,0,0,0,0,0,0,0,0,0.0,0,0,False
3074670104,kubernetes/kubernetes,2,1,0,0,0,1,1,0,0.5,1,1,True
3487370131,kubernetes/kubernetes,2018,2088,124,15,254,54,178,1,1.0347,55,54,True
3204855521,kubernetes/kubernetes,17,14,2,0,0,5,7,0,0.8235,5,5,True
3302895842,kubernetes/kubernetes,2,1,0,0,0,1,1,0,0.5,1,1,True
3039082353,kubernetes/kubernetes,0,0,0,0,0,0,0,0,0.0,1,0,False
3281299634,kubernetes/kubernetes,34,24,0,0,2,10,10,0,0.7059,10,10,True
3046860696,kubernetes/kubernetes,18,11,1,0,0,7,7,0,0.6111,7,7,True
3036711672,kubernetes/kubernetes,14,7,0,0,0,7,7,0,0.5,7,7,True
3833898790,kubernetes/kubernetes,98,97,10,0,8,7,13,1,0.9898,7,7,True
3142304538,kubernetes/kubernetes,18,20,5,1,1,1,4,1,1.1111,1,1,True
3267518995,kubernetes/kubernetes,3,2,0,0,0,1,1,0,0.6667,1,1,True
3493625409,kubernetes/kubernetes,72,73,6,1,0,5,11,1,1.0139,6,5,True
3085495453,kubernetes/kubernetes,3,2,0,0,0,1,1,0,0.6667,1,1,True
3211428612,kubernetes/kubernetes,188,210,22,1,0,1,24,1,1.117,1,1,True
3225314552,kubernetes/kubernetes,32,28,0,1,6,4,4,1,0.875,4,4,True
3460530224,kubernetes/kubernetes,214,221,12,3,12,6,19,1,1.0327,6,6,True
3499150229,kubernetes/kubernetes,4,3,0,0,0,1,1,0,0.75,1,1,True
3420898872,kubernetes/kubernetes,2,1,0,0,0,1,1,0,0.5,1,1,True
3620716268,kubernetes/kubernetes,0,0,0,0,0,0,0,0,0.0,0,0,False
3061743078,kubernetes/kubernetes,4,2,0,0,0,2,2,0,0.5,2,2,True
3682155935,kubernetes/kubernetes,79,80,4,2,7,3,7,1,1.0127,3,3,True
3403091034,kubernetes/kubernetes,131,139,14,2,5,5,18,1,1.0611,5,5,True
3424138634,kubernetes/kubernetes,733,782,66,0,65,3,55,1,1.0668,3,3,True
3357473713,kubernetes/kubernetes,4,3,0,0,0,1,1,0,0.75,1,1,True
2985728044,kubernetes/kubernetes,2,1,0,0,0,1,1,0,0.5,1,1,True
3121626860,kubernetes/kubernetes,8,8,1,0,0,1,2,0,1.0,1,1,True
3332465594,kubernetes/kubernetes,156,155,11,2,12,11,21,1,0.9936,11,11,True
3446672991,kubernetes/kubernetes,24,22,1,0,0,3,4,1,0.9167,3,3,True
2981967498,kubernetes/kubernetes,0,0,0,0,0,0,0,0,0.0,0,0,False
3430470810,kubernetes/kubernetes,43,45,4,2,3,2,6,1,1.0465,2,2,True
3670871898,kubernetes/kubernetes,33,32,4,1,7,3,5,1,0.9697,3,3,True
3203330000,kubernetes/kubernetes,2,1,0,0,0,1,1,0,0.5,1,1,True
3888134347,kubernetes/kubernetes,224,238,23,3,21,8,30,1,1.0625,8,8,True
3153460445,kubernetes/kubernetes,206,215,19,0,24,10,29,1,1.0437,10,10,True
3150338516,kubernetes/kubernetes,485,531,52,1,5,4,54,1,1.0948,4,4,True
3843302387,kubernetes/kubernetes,0,0,0,0,0,0,0,0,0.0,0,0,False
3670258196,kubernetes/kubernetes,7,6,0,0,0,1,1,0,0.8571,1,1,True
3274762548,kubernetes/kubernetes,15,13,1,0,2,3,4,0,0.8667,3,3,True
3594731923,kubernetes/kubernetes,176,174,0,0,0,2,2,0,0.9886,2,2,True
3271729782,kubernetes/kubernetes,87,94,12,0,12,4,15,1,1.0805,4,4,True
3409856973,kubernetes/kubernetes,334,335,17,3,16,12,25,1,1.003,12,12,True
3883663022,kubernetes/kubernetes,89,91,8,2,5,4,10,1,1.0225,6,4,True
3297197856,kubernetes/kubernetes,21,17,0,0,0,4,4,0,0.8095,4,4,True
3008704156,kubernetes/kubernetes,894,939,57,14,51,13,71,1,1.0503,16,13,True
3271605094,kubernetes/kubernetes,539,605,73,12,23,11,88,1,1.1224,11,11,True
3208176889,kubernetes/kubernetes,77,82,6,1,0,2,9,1,1.0649,2,2,True
3432160310,kubernetes/kubernetes,24,22,0,0,0,2,2,0,0.9167,2,2,True
3650810808,kubernetes/kubernetes,73,77,7,2,3,3,10,1,1.0548,3,3,True
3603435686,kubernetes/kubernetes,82,81,7,1,5,8,15,1,0.9878,8,8,True
3929598222,kubernetes/kubernetes,0,0,0,0,0,0,0,0,0.0,0,0,False
3054982686,kubernetes/kubernetes,243,242,24,2,29,24,47,1,0.9959,27,24,True
3068213159,kubernetes/kubernetes,208,206,6,0,14,7,12,1,0.9904,8,7,True
3688324818,kubernetes/kubernetes,21,21,1,0,1,1,2,1,1.0,1,1,True
3041262302,kubernetes/kubernetes,168,182,23,2,26,9,32,1,1.0833,9,9,True
3389046387,kubernetes/kubernetes,1911,1956,51,27,42,21,87,2,1.0235,22,21,True
3108595992,kubernetes/kubernetes,4413,4479,209,47,143,152,370,2,1.015,156,152,True
3009091335,kubernetes/kubernetes,118,111,0,0,6,7,7,0,0.9407,7,7,True
3235947299,kubernetes/kubernetes,279,293,20,11,20,9,32,1,1.0502,9,9,True
3073584871,kubernetes/kubernetes,8,9,2,0,0,1,3,1,1.125,1,1,True
3637017076,kubernetes/kubernetes,28078,28560,1934,252,1963,1185,2852,2,1.0172,1249,1185,True
3345905754,kubernetes/kubernetes,5,3,0,0,0,2,2,0,0.6,2,2,True
3872801735,kubernetes/kubernetes,11,10,0,0,0,1,1,0,0.9091,1,1,True
3254827553,kubernetes/kubernetes,64,38,0,0,1,26,26,0,0.5938,26,26,True
3334142813,kubernetes/kubernetes,9,7,0,0,0,2,2,0,0.7778,2,2,True
3245774574,kubernetes/kubernetes,2,1,0,0,1,1,1,0,0.5,1,1,True
3193862952,kubernetes/kubernetes,259,270,13,3,5,5,21,1,1.0425,5,5,True
3378757732,kubernetes/kubernetes,114862,121560,9128,1279,8542,1463,9624,2,1.0583,1535,1463,True
3190964464,kubernetes/kubernetes,142,116,1,0,0,26,26,1,0.8169,26,26,True
3071400833,kubernetes/kubernetes,4,4,1,0,0,1,2,0,1.0,1,1,True
3338524883,kubernetes/kubernetes,3139,3429,278,85,163,21,332,2,1.0924,22,21,True
2978508787,kubernetes/kubernetes,27,27,4,0,3,3,6,1,1.0,3,3,True
3509320248,kubernetes/kubernetes,28,28,2,0,4,2,4,0,1.0,2,2,True
3198750968,kubernetes/kubernetes,0,0,0,0,0,0,0,0,0.0,0,0,False
2977157528,kubernetes/kubernetes,3,2,0,0,0,1,1,0,0.6667,1,1,True
3499327332,kubernetes/kubernetes,4,3,0,0,0,1,1,0,0.75,1,1,True
3143765012,kubernetes/kubernetes,12,11,1,0,1,2,3,1,0.9167,2,2,True
3911849086,kubernetes/kubernetes,209,221,14,3,12,2,16,1,1.0574,2,2,True
3099566414,kubernetes/kubernetes,56,50,0,0,3,6,6,0,0.8929,6,6,True
3223287207,kubernetes/kubernetes,5,5,1,0,0,1,2,1,1.0,1,1,True
3159654935,kubernetes/kubernetes,2,1,0,0,0,1,1,0,0.5,1,1,True
3152298458,kubernetes/kubernetes,101,101,1,0,0,1,2,1,1.0,1,1,True
3050499854,kubernetes/kubernetes,0,0,0,0,0,0,0,0,0.0,1,0,False
3413940993,kubernetes/kubernetes,3,2,0,0,0,1,1,0,0.6667,1,1,True
3457977587,kubernetes/kubernetes,149,153,7,1,9,2,8,1,1.0268,2,2,True
3841092668,kubernetes/kubernetes,173,185,16,1,5,4,20,1,1.0694,4,4,True
3660721355,kubernetes/kubernetes,36,26,0,0,4,10,10,0,0.7222,10,10,True
3363605870,kubernetes/kubernetes,85,84,4,1,4,6,11,1,0.9882,6,6,True
3524575785,kubernetes/kubernetes,2206,2312,154,39,280,52,210,1,1.0481,52,52,True
3329956151,kubernetes/kubernetes,98,115,19,0,12,1,19,1,1.1735,1,1,True
3159244828,kubernetes/kubernetes,8,6,0,0,0,2,2,0,0.75,3,2,True
3230256228,kubernetes/kubernetes,320,337,15,6,0,1,19,1,1.0531,1,1,True
3750884067,kubernetes/kubernetes,36,36,2,0,3,2,4,1,1.0,2,2,True
3646781341,kubernetes/kubernetes,0,0,0,0,0,0,0,0,0.0,0,0,False
3191660869,kubernetes/kubernetes,7,6,0,0,0,1,1,0,0.8571,1,1,True
3945380838,kubernetes/kubernetes,0,0,0,0,0,0,0,0,0.0,0,0,False
2985733453,kubernetes/kubernetes,8,6,0,0,0,2,2,0,0.75,2,2,True
3372548945,kubernetes/kubernetes,4,2,0,0,0,2,2,0,0.5,2,2,True
3440233956,kubernetes/kubernetes,61,61,2,1,3,2,4,1,1.0,2,2,True
3172452881,kubernetes/kubernetes,0,0,0,0,0,0,0,0,0.0,0,0,False
3761488119,kubernetes/kubernetes,32,32,1,0,0,1,2,1,1.0,1,1,True
3357709548,kubernetes/kubernetes,14,14,2,0,3,1,2,1,1.0,1,1,True
3249584903,kubernetes/kubernetes,25,24,1,0,0,2,3,0,0.96,2,2,True
2974457019,kubernetes/kubernetes,19,19,1,0,8,1,2,1,1.0,1,1,True
3722742568,kubernetes/kubernetes,29,29,4,0,6,3,6,1,1.0,3,3,True
3338916262,kubernetes/kubernetes,4,3,1,0,0,1,1,0,0.75,1,1,True
3625931259,kubernetes/kubernetes,50,50,0,2,2,2,4,1,1.0,4,2,True
3352659723,kubernetes/kubernetes,331077,355122,24574,4729,25059,1856,27757,3,1.0726,1856,1856,True
3303754336,kubernetes/kubernetes,6,4,1,0,0,2,2,0,0.6667,2,2,True
3015351383,kubernetes/kubernetes,13,12,0,0,0,1,1,0,0.9231,1,1,True
3906394042,kubernetes/kubernetes,11,10,1,0,2,2,3,1,0.9091,2,2,True
3160029736,kubernetes/kubernetes,4,4,1,0,0,1,2,1,1.0,1,1,True
3123733473,kubernetes/kubernetes,0,0,0,0,0,0,0,0,0.0,0,0,False
3182153720,kubernetes/kubernetes,22,22,2,2,0,2,4,1,1.0,2,2,True
3409534761,kubernetes/kubernetes,4,3,0,0,2,1,1,0,0.75,1,1,True
3153160437,kubernetes/kubernetes,4,2,0,0,0,2,2,0,0.5,2,2,True
3494333926,kubernetes/kubernetes,352,358,11,1,26,6,18,1,1.017,6,6,True
3095542113,kubernetes/kubernetes,19,18,0,0,0,1,1,0,0.9474,1,1,True
3392864590,kubernetes/kubernetes,108,105,5,1,4,7,11,1,0.9722,7,7,True
3718584725,kubernetes/kubernetes,11,7,0,0,1,4,4,0,0.6364,4,4,True
2999466359,kubernetes/kubernetes,0,0,0,0,0,0,0,0,0.0,1,0,False
3630398545,kubernetes/kubernetes,3,2,0,0,0,1,1,0,0.6667,1,1,True
3624624397,kubernetes/kubernetes,726,724,9,3,11,9,16,1,0.9972,9,9,True
3672062965,kubernetes/kubernetes,536,571,42,4,24,3,41,1,1.0653,3,3,True
3266572746,kubernetes/kubernetes,9,8,1,0,2,2,3,0,0.8889,2,2,True
3278588752,kubernetes/kubernetes,4,3,0,0,2,1,1,0,0.75,1,1,True
3530540317,kubernetes/kubernetes,326,344,20,4,30,6,30,1,1.0552,6,6,True
3881811907,kubernetes/kubernetes,25,26,5,0,4,1,3,1,1.04,1,1,True
3088866697,kubernetes/kubernetes,0,0,0,0,0,0,0,0,0.0,0,0,False
3358822026,kubernetes/kubernetes,0,0,0,0,0,0,0,0,0.0,2,0,False
3088523298,kubernetes/kubernetes,0,0,0,0,0,0,0,0,0.0,0,0,False
3164968573,kubernetes/kubernetes,50,44,0,0,2,6,6,0,0.88,6,6,True
3745317567,kubernetes/kubernetes,43,47,5,1,1,1,6,1,1.093,1,1,True
3392238138,kubernetes/kubernetes,2,1,0,0,0,1,1,0,0.5,1,1,True
3118134796,kubernetes/kubernetes,64,62,1,1,2,4,6,1,0.9688,4,4,True
3915325704,kubernetes/kubernetes,3,3,1,0,0,1,2,0,1.0,1,1,True
3597827156,kubernetes/kubernetes,143,153,10,3,10,3,16,2,1.0699,3,3,True
3114094368,kubernetes/kubernetes,14,14,1,0,3,1,2,1,1.0,1,1,True
3582439615,kubernetes/kubernetes,876,961,94,11,112,11,107,2,1.097,11,11,True
3366714700,kubernetes/kubernetes,47,49,6,0,3,4,10,1,1.0426,4,4,True
3065696649,kubernetes/kubernetes,11,10,2,0,0,1,1,1,0.9091,1,1,True
3372177381,kubernetes/kubernetes,139,140,13,2,9,11,23,1,1.0072,11,11,True
3121273987,kubernetes/kubernetes,44,45,3,5,7,2,5,1,1.0227,2,2,True
3649542275,kubernetes/kubernetes,724,787,60,19,46,10,83,1,1.087,11,10,True
3043151466,kubernetes/kubernetes,3,2,0,0,0,1,1,0,0.6667,1,1,True
3070786897,kubernetes/kubernetes,296,305,17,7,21,11,31,1,1.0304,11,11,True
3247013170,kubernetes/kubernetes,8,6,6,0,0,2,2,1,0.75,2,2,True
3139295151,kubernetes/kubernetes,38,39,4,2,4,4,9,1,1.0263,4,4,True
3486092550,kubernetes/kubernetes,4,2,0,0,0,2,2,0,0.5,2,2,True
3712598917,kubernetes/kubernetes,21,20,0,0,0,1,1,0,0.9524,1,1,True
3395460360,kubernetes/kubernetes,2,1,0,0,0,1,1,0,0.5,1,1,True
3274099378,kubernetes/kubernetes,37,38,3,0,2,2,5,1,1.027,2,2,True
3784593325,kubernetes/kubernetes,11,7,0,0,0,4,4,0,0.6364,4,4,True
3071407036,kubernetes/kubernetes,29,26,0,0,0,3,3,0,0.8966,3,3,True
3276187138,kubernetes/kubernetes,2,1,0,0,0,1,1,0,0.5,1,1,True
3006244535,kubernetes/kubernetes,137,139,0,4,3,2,6,1,1.0146,2,2,True
3718947754,kubernetes/kubernetes,0,0,0,0,0,0,0,0,0.0,0,0,False
2990699392,kubernetes/kubernetes,2418,2509,107,34,133,35,161,1,1.0376,35,35,True
3152590631,kubernetes/kubernetes,2,1,0,0,1,1,1,0,0.5,2,1,True
3467807204,kubernetes/kubernetes,24,20,2,0,4,6,8,1,0.8333,6,6,True
3322894637,kubernetes/kubernetes,3,2,0,0,0,1,1,0,0.6667,1,1,True
3320797130,kubernetes/kubernetes,24,23,0,0,2,1,1,0,0.9583,1,1,True
3756859609,kubernetes/kubernetes,53,54,3,2,0,2,5,1,1.0189,2,2,True
3183883629,kubernetes/kubernetes,4,3,0,0,0,1,1,0,0.75,1,1,True
3626214824,kubernetes/kubernetes,43,49,5,3,0,2,10,1,1.1395,2,2,True
3062627254,kubernetes/kubernetes,190,209,24,2,4,5,29,1,1.1,5,5,True
3195838743,kubernetes/kubernetes,12,11,2,0,0,3,5,0,0.9167,3,3,True
3688946691,kubernetes/kubernetes,8,5,0,0,0,3,3,0,0.625,3,3,True
3157176799,kubernetes/kubernetes,60,55,7,1,1,6,7,1,0.9167,8,6,True
3075474503,kubernetes/kubernetes,5,3,0,0,0,2,2,0,0.6,2,2,True
3162906825,kubernetes/kubernetes,280,260,29,0,12,29,38,1,0.9286,42,29,True
3224921125,kubernetes/kubernetes,36,39,4,0,4,1,5,1,1.0833,1,1,True
3157903881,kubernetes/kubernetes,9,7,0,0,0,2,2,0,0.7778,2,2,True
3703267108,kubernetes/kubernetes,20,19,0,0,0,1,1,0,0.95,1,1,True
3757193030,kubernetes/kubernetes,563,584,29,5,30,4,29,1,1.0373,4,4,True
3966235215,kubernetes/kubernetes,36,35,1,1,1,2,3,1,0.9722,2,2,True
3694345928,kubernetes/kubernetes,286,304,15,9,8,2,22,1,1.0629,2,2,True
3161216154,kubernetes/kubernetes,0,0,0,0,0,0,0,0,0.0,0,0,False
3167312425,kubernetes/kubernetes,0,0,0,0,0,0,0,0,0.0,0,0,False
3105236483,kubernetes/kubernetes,111,111,8,0,16,8,16,1,1.0,8,8,True
3184945714,kubernetes/kubernetes,0,0,0,0,0,0,0,0,0.0,0,0,False
3163304734,kubernetes/kubernetes,16,10,0,0,1,6,6,0,0.625,6,6,True
3079316688,kubernetes/kubernetes,129,133,8,1,15,5,14,1,1.031,5,5,True
3140598676,kubernetes/kubernetes,208,190,21,0,10,20,22,1,0.9135,20,20,True
2976940336,kubernetes/kubernetes,43,37,5,0,2,10,14,1,0.8605,11,10,True
3230801441,kubernetes/kubernetes,1008,938,111,18,62,127,184,1,0.9306,127,127,True
3474335033,kubernetes/kubernetes,15,14,1,0,2,2,3,1,0.9333,2,2,True
3363833434,kubernetes/kubernetes,355,368,14,7,12,6,25,1,1.0366,6,6,True
3705663107,kubernetes/kubernetes,19,20,3,0,0,2,5,1,1.0526,2,2,True
3125730521,kubernetes/kubernetes,0,0,0,0,0,0,0,0,0.0,1,0,False
3185174731,kubernetes/kubernetes,0,0,0,0,0,0,0,0,0.0,0,0,False
3420990114,kubernetes/kubernetes,167,174,10,3,7,3,13,1,1.0419,3,3,True
3411868932,kubernetes/kubernetes,156,155,0,0,0,1,1,0,0.9936,1,1,True
3254629315,kubernetes/kubernetes,378,399,23,1,28,2,25,1,1.0556,2,2,True
2981388811,kubernetes/kubernetes,41,42,12,0,6,5,11,1,1.0244,5,5,True
3421723935,kubernetes/kubernetes,0,0,0,0,0,0,0,0,0.0,1,0,False
3512897567,kubernetes/kubernetes,24,21,0,0,3,3,3,0,0.875,3,3,True
3644969006,kubernetes/kubernetes,0,0,0,0,0,0,0,0,0.0,0,0,False
3913645687,kubernetes/kubernetes,30,30,2,0,1,2,4,1,1.0,2,2,True
2989434305,kubernetes/kubernetes,3,2,0,0,0,1,1,0,0.6667,1,1,True
3397119173,kubernetes/kubernetes,162,168,6,4,15,2,10,1,1.037,2,2,True
3871610258,kubernetes/kubernetes,5,5,1,0,1,1,2,0,1.0,1,1,True
3313896130,kubernetes/kubernetes,12,9,0,0,2,3,3,0,0.75,3,3,True
3364095856,kubernetes/kubernetes,2000,2066,50,36,49,8,82,1,1.033,8,8,True
3070792182,kubernetes/kubernetes,376,387,22,7,17,8,27,1,1.0293,8,8,True
3155770677,kubernetes/kubernetes,12,13,2,0,4,1,3,1,1.0833,1,1,True
3130958721,kubernetes/kubernetes,339,349,38,0,70,28,66,1,1.0295,28,28,True
2986968630,kubernetes/kubernetes,11,11,1,0,2,1,2,1,1.0,1,1,True
3614196740,kubernetes/kubernetes,7,5,5,0,0,2,2,1,0.7143,4,2,True
3982895230,kubernetes/kubernetes,112,125,14,3,6,2,17,1,1.1161,2,2,True
3205230496,kubernetes/kubernetes,2,1,0,0,0,1,1,0,0.5,1,1,True
3199907078,kubernetes/kubernetes,0,0,0,0,0,0,0,0,0.0,0,0,False
3921957020,kubernetes/kubernetes,135,144,10,2,4,2,13,1,1.0667,2,2,True
3103381904,kubernetes/kubernetes,37,39,1,2,0,1,4,1,1.0541,1,1,True
3109901488,kubernetes/kubernetes,159,164,3,5,4,2,9,1,1.0314,2,2,True
3588404022,kubernetes/kubernetes,0,0,0,0,0,0,0,0,0.0,0,0,False
3378960027,kubernetes/kubernetes,46,42,1,0,0,4,4,0,0.913,4,4,True
3948941532,kubernetes/kubernetes,4,3,0,0,0,1,1,0,0.75,1,1,True
3842636887,kubernetes/kubernetes,145,152,15,2,2,7,21,1,1.0483,7,7,True
3127081716,kubernetes/kubernetes,4,4,1,0,1,1,2,1,1.0,1,1,True
3365777858,kubernetes/kubernetes,4,3,0,0,0,1,1,0,0.75,1,1,True
3306221924,kubernetes/kubernetes,950,995,61,31,48,15,75,1,1.0474,15,15,True
3479907160,kubernetes/kubernetes,974,1074,114,9,36,10,120,1,1.1027,10,10,True
2983748298,kubernetes/kubernetes,7,6,1,0,2,2,3,1,0.8571,2,2,True
3128865990,kubernetes/kubernetes,218,220,4,3,21,5,12,1,1.0092,5,5,True
3087926122,kubernetes/kubernetes,326941,350804,24411,4644,25272,1838,27539,3,1.073,1838,1838,True
3118137644,kubernetes/kubernetes,64,62,1,1,2,4,6,1,0.9688,4,4,True
3669686215,kubernetes/kubernetes,95,93,10,0,20,7,12,1,0.9789,7,7,True
3136565935,kubernetes/kubernetes,0,0,0,0,0,0,0,0,0.0,0,0,False
3391166298,kubernetes/kubernetes,1523,1655,147,5,239,20,172,1,1.0867,20,20,True
3114953980,kubernetes/kubernetes,47,48,3,0,1,2,5,1,1.0213,2,2,True
3169022886,kubernetes/kubernetes,233,237,10,0,0,6,16,1,1.0172,6,6,True
3341230466,kubernetes/kubernetes,14,12,4,0,4,2,2,1,0.8571,2,2,True
3213930263,kubernetes/kubernetes,4,2,0,0,0,2,2,0,0.5,2,2,True
3061615610,kubernetes/kubernetes,6,5,0,0,0,1,1,0,0.8333,9,1,True
3067863844,kubernetes/kubernetes,162,172,14,3,5,4,18,1,1.0617,4,4,True
3300174066,kubernetes/kubernetes,79,81,8,2,1,8,18,1,1.0253,8,8,True
3956273669,kubernetes/kubernetes,298,275,11,0,19,32,41,1,0.9228,34,32,True
3242762727,kubernetes/kubernetes,7253,7654,460,131,495,84,569,2,1.0553,84,84,True
3669287796,kubernetes/kubernetes,205,214,11,2,8,2,13,1,1.0439,2,2,True
3461859645,kubernetes/kubernetes,83,84,12,0,6,9,19,1,1.012,9,9,True
3215273546,kubernetes/kubernetes,483,447,20,1,33,54,72,1,0.9255,66,54,True
3928403885,kubernetes/kubernetes,0,0,0,0,0,0,0,0,0.0,0,0,False
3533783940,kubernetes/kubernetes,93,92,1,1,1,2,3,1,0.9892,2,2,True
3555140462,kubernetes/kubernetes,3,2,0,0,0,1,1,0,0.6667,1,1,True
3188664615,kubernetes/kubernetes,28,22,3,0,7,8,10,0,0.7857,8,8,True
3370545289,kubernetes/kubernetes,92,92,4,0,1,3,6,1,1.0,3,3,True
3143126368,kubernetes/kubernetes,34,39,7,0,7,1,7,1,1.1471,1,1,True
3053914631,kubernetes/kubernetes,4,4,1,0,1,1,2,0,1.0,1,1,True
3067620855,kubernetes/kubernetes,5,4,0,0,0,1,1,0,0.8,1,1,True
3543878999,kubernetes/kubernetes,69,77,10,0,2,2,12,1,1.1159,2,2,True
3192339845,kubernetes/kubernetes,0,0,0,0,0,0,0,0,0.0,0,0,False
3071297758,kubernetes/kubernetes,45,48,6,1,5,2,7,1,1.0667,2,2,True
3309999060,kubernetes/kubernetes,574,587,32,4,21,14,41,2,1.0226,14,14,True
3277301976,kubernetes/kubernetes,0,0,0,0,0,0,0,0,0.0,0,0,False
3535054937,kubernetes/kubernetes,6,5,0,0,0,1,1,0,0.8333,1,1,True
3657049217,kubernetes/kubernetes,0,0,0,0,0,0,0,0,0.0,0,0,False
3742225931,kubernetes/kubernetes,558,567,34,5,17,22,53,1,1.0161,23,22,True
3039038523,kubernetes/kubernetes,7,8,2,0,0,1,3,1,1.1429,1,1,True
3063955736,kubernetes/kubernetes,68,75,5,4,2,2,11,1,1.1029,2,2,True
2986643878,kubernetes/kubernetes,205,203,1,2,6,5,8,1,0.9902,5,5,True
3233080382,kubernetes/kubernetes,5,3,0,0,0,2,2,0,0.6,2,2,True
2974782645,kubernetes/kubernetes,179,191,13,3,7,4,20,1,1.067,5,4,True
3418097156,kubernetes/kubernetes,5,4,0,0,0,1,1,0,0.8,1,1,True
3392490641,kubernetes/kubernetes,41,39,1,0,0,2,2,0,0.9512,2,2,True
3200971883,kubernetes/kubernetes,0,0,0,0,0,0,0,0,0.0,0,0,False
3264372862,kubernetes/kubernetes,1245,1325,88,10,117,8,96,2,1.0643,8,8,True
3054106178,kubernetes/kubernetes,293,332,45,1,35,6,51,1,1.1331,6,6,True
3205608152,kubernetes/kubernetes,22,21,1,0,2,2,3,0,0.9545,2,2,True
2990999930,kubernetes/kubernetes,3,2,0,0,0,1,1,0,0.6667,1,1,True
3335090297,kubernetes/kubernetes,866,892,51,20,38,27,80,1,1.03,27,27,True
3108601816,kubernetes/kubernetes,150,141,10,3,10,15,21,1,0.94,15,15,True
3247094980,kubernetes/kubernetes,2,1,1,0,0,1,1,0,0.5,1,1,True
3832545554,kubernetes/kubernetes,4,3,0,0,1,1,1,0,0.75,2,1,True
3630051342,kubernetes/kubernetes,6,6,1,0,1,1,2,0,1.0,1,1,True
3248997992,kubernetes/kubernetes,0,0,0,0,0,0,0,0,0.0,0,0,False
3894652333,kubernetes/kubernetes,0,0,0,0,0,0,0,0,0.0,0,0,False
3222400312,kubernetes/kubernetes,2940,3112,195,41,133,26,224,2,1.0585,27,26,True
3156634166,kubernetes/kubernetes,42,40,3,0,7,5,8,1,0.9524,5,5,True
2980828710,kubernetes/kubernetes,5,3,0,0,0,2,2,0,0.6,2,2,True
3952649699,kubernetes/kubernetes,14,16,3,0,2,1,4,1,1.1429,1,1,True
3211107023,kubernetes/kubernetes,125,119,3,0,2,9,12,1,0.952,9,9,True
3328540197,kubernetes/kubernetes,2,1,0,0,0,1,1,0,0.5,1,1,True
3101421169,kubernetes/kubernetes,38,42,5,1,3,2,8,1,1.1053,2,2,True
3573051788,kubernetes/kubernetes,5,4,0,0,0,1,1,0,0.8,1,1,True
3227184444,kubernetes/kubernetes,1075,1167,88,45,69,12,116,2,1.0856,12,12,True
3137158029,kubernetes/kubernetes,191,198,5,4,7,2,11,1,1.0366,2,2,True
3213947379,kubernetes/kubernetes,212,216,7,4,2,2,8,1,1.0189,2,2,True
3407733115,kubernetes/kubernetes,865,864,1,2,0,3,5,1,0.9988,3,3,True
3572380719,kubernetes/kubernetes,118,111,0,2,2,9,11,1,0.9407,9,9,True
3685503588,kubernetes/kubernetes,3,2,0,0,0,1,1,0,0.6667,1,1,True
3884066979,kubernetes/kubernetes,0,0,0,0,0,0,0,0,0.0,0,0,False
3300583867,kubernetes/kubernetes,12,12,1,0,0,1,2,1,1.0,1,1,True
3415226303,kubernetes/kubernetes,3,2,2,0,0,1,1,1,0.6667,1,1,True
3755662772,kubernetes/kubernetes,203,171,2,0,4,32,32,1,0.8424,32,32,True
3346439351,kubernetes/kubernetes,695,702,29,9,18,15,37,1,1.0101,15,15,True
3685001922,microsoft/vscode,0,0,0,0,0,0,0,0,0.0,0,0,False
3943930304,microsoft/vscode,2,1,0,0,0,1,1,0,0.5,1,1,True
3673589701,microsoft/vscode,133,132,2,0,6,2,3,1,0.9925,2,2,True
3781232230,microsoft/vscode,0,0,0,0,0,0,0,0,0.0,0,0,False
3763030712,microsoft/vscode,594,603,19,8,11,13,35,1,1.0152,14,13,True
3875045188,microsoft/vscode,157,155,3,1,4,6,10,1,0.9873,6,6,True
3877151693,microsoft/vscode,96,90,4,1,6,10,14,1,0.9375,10,10,True
3941342593,microsoft/vscode,100,107,11,0,12,3,13,1,1.07,3,3,True
3692764496,microsoft/vscode,12,10,0,0,0,2,2,0,0.8333,2,2,True
3871073574,microsoft/vscode,0,0,0,0,0,0,0,0,0.0,0,0,False
3943302808,microsoft/vscode,184,191,10,0,8,3,13,1,1.038,3,3,True
3719430411,microsoft/vscode,19,19,1,0,0,1,2,0,1.0,1,1,True
3910489372,microsoft/vscode,0,0,0,0,0,0,0,0,0.0,0,0,False
3907866083,microsoft/vscode,11,8,0,0,1,3,3,0,0.7273,3,3,True
3696097950,microsoft/vscode,13,11,0,0,1,2,2,0,0.8462,2,2,True
3755580018,microsoft/vscode,12,10,0,0,0,2,2,0,0.8333,2,2,True
3762497265,microsoft/vscode,7,6,0,0,4,1,1,0,0.8571,1,1,True
3714182168,microsoft/vscode,31,31,2,1,1,3,6,1,1.0,3,3,True
3705408028,microsoft/vscode,4,2,0,0,0,2,2,0,0.5,2,2,True
3913415608,microsoft/vscode,5,3,0,0,0,2,2,0,0.6,2,2,True
3767871887,microsoft/vscode,36,35,1,0,2,2,3,0,0.9722,2,2,True
3668133123,microsoft/vscode,0,0,0,0,0,0,0,0,0.0,0,0,False
3849639464,microsoft/vscode,0,0,0,0,0,0,0,0,0.0,0,0,False
3725280502,microsoft/vscode,16,14,0,0,0,2,2,0,0.875,2,2,True
3933786064,microsoft/vscode,2,1,0,0,1,1,1,0,0.5,1,1,True
3861313133,microsoft/vscode,2,1,0,0,0,1,1,0,0.5,1,1,True
3887897735,microsoft/vscode,98,100,5,0,6,3,8,1,1.0204,3,3,True
3686914381,microsoft/vscode,91,91,3,0,2,2,4,1,1.0,2,2,True
3711120262,microsoft/vscode,224,223,5,0,6,6,11,1,0.9955,6,6,True
3726378090,microsoft/vscode,2,1,0,0,0,1,1,0,0.5,1,1,True
3685078991,microsoft/vscode,72,70,2,0,1,2,2,1,0.9722,2,2,True
3773829890,microsoft/vscode,43,38,1,3,0,8,11,1,0.8837,8,8,True
3914924316,microsoft/vscode,125,122,2,1,15,6,9,1,0.976,6,6,True
3934180227,microsoft/vscode,3,2,0,0,1,1,1,0,0.6667,1,1,True
3693386888,microsoft/vscode,0,0,0,0,0,0,0,0,0.0,0,0,False
3973178567,microsoft/vscode,0,0,0,0,0,0,0,0,0.0,0,0,False
3696445038,microsoft/vscode,52,49,2,0,2,5,7,1,0.9423,5,5,True
3764617323,microsoft/vscode,149,152,7,2,3,3,9,1,1.0201,3,3,True
3981230112,microsoft/vscode,185,180,3,0,6,8,11,1,0.973,8,8,True
3685653804,microsoft/vscode,169,165,7,0,14,9,14,1,0.9763,9,9,True
3924054736,microsoft/vscode,5,4,0,0,0,1,1,0,0.8,1,1,True
3688644410,microsoft/vscode,0,0,0,0,0,0,0,0,0.0,0,0,False
3672217293,microsoft/vscode,10,9,0,0,0,1,1,0,0.9,1,1,True
3938618519,microsoft/vscode,86,85,6,1,11,7,13,1,0.9884,7,7,True
3892366157,microsoft/vscode,38,45,5,3,5,1,9,1,1.1842,1,1,True
3758290515,microsoft/vscode,394,405,13,8,17,9,29,1,1.0279,10,9,True
3884608389,microsoft/vscode,243,251,13,4,10,8,24,1,1.0329,8,8,True
3861768169,microsoft/vscode,2,1,1,0,0,1,1,0,0.5,1,1,True
3905480053,microsoft/vscode,60,59,4,0,0,5,9,1,0.9833,5,5,True
3777521785,microsoft/vscode,42,43,3,0,4,2,5,1,1.0238,2,2,True
3753643626,microsoft/vscode,3,2,0,0,1,1,1,0,0.6667,1,1,True
3700418216,microsoft/vscode,63,65,4,0,4,2,6,1,1.0317,3,2,True
3665848090,microsoft/vscode,2376,2396,80,5,96,57,134,1,1.0084,62,57,True
3664256578,microsoft/vscode,78,68,1,0,5,11,12,1,0.8718,11,11,True
3957874562,microsoft/vscode,50,50,3,1,3,3,6,1,1.0,3,3,True
3809995406,microsoft/vscode,285,296,22,2,21,9,29,1,1.0386,9,9,True
3723198550,microsoft/vscode,36,35,3,0,0,3,5,1,0.9722,3,3,True
3944633351,microsoft/vscode,22,16,0,0,1,6,6,0,0.7273,6,6,True
3942256105,microsoft/vscode,36,38,2,1,1,1,4,1,1.0556,1,1,True
3710216369,microsoft/vscode,0,0,0,0,0,0,0,0,0.0,0,0,False
3665700659,microsoft/vscode,70,74,7,2,5,1,6,1,1.0571,1,1,True
3719835904,microsoft/vscode,25,24,1,1,1,3,5,1,0.96,3,3,True
3821800950,microsoft/vscode,0,0,0,0,0,0,0,0,0.0,0,0,False
3747365106,microsoft/vscode,4,3,0,0,0,1,1,0,0.75,1,1,True
3973648582,microsoft/vscode,8,5,0,0,0,3,3,0,0.625,3,3,True
3725217429,microsoft/vscode,0,0,0,0,0,0,0,0,0.0,0,0,False
3878931556,microsoft/vscode,64,57,0,0,0,7,7,0,0.8906,7,7,True
3756911207,microsoft/vscode,7,6,0,0,0,1,1,0,0.8571,1,1,True
3751934078,microsoft/vscode,0,0,0,0,0,0,0,0,0.0,0,0,False
3711873036,microsoft/vscode,60,49,0,0,1,11,11,0,0.8167,11,11,True
3978922942,microsoft/vscode,0,0,0,0,0,0,0,0,0.0,0,0,False
3951775893,microsoft/vscode,2,1,0,0,0,1,1,0,0.5,1,1,True
3985527553,microsoft/vscode,5,4,0,0,0,1,1,0,0.8,1,1,True
3685678957,microsoft/vscode,2,1,0,0,0,1,1,0,0.5,1,1,True
3670605935,microsoft/vscode,77,81,6,3,6,4,12,1,1.0519,4,4,True
3980313342,microsoft/vscode,82,81,3,1,7,5,9,1,0.9878,5,5,True
3905000653,microsoft/vscode,52,47,0,0,2,5,5,0,0.9038,5,5,True
3823124304,microsoft/vscode,0,0,0,0,0,0,0,0,0.0,0,0,False
3953325776,microsoft/vscode,2,1,1,0,0,1,1,0,0.5,1,1,True
3849816450,microsoft/vscode,483,478,14,4,21,16,27,1,0.9896,16,16,True
3974398887,microsoft/vscode,24,21,0,0,0,3,3,0,0.875,3,3,True
3922547275,microsoft/vscode,17,16,0,0,0,1,1,0,0.9412,1,1,True
3847293264,microsoft/vscode,0,0,0,0,0,0,0,0,0.0,0,0,False
3833058805,microsoft/vscode,0,0,0,0,0,0,0,0,0.0,0,0,False
3799138778,microsoft/vscode,0,0,0,0,0,0,0,0,0.0,0,0,False
3929457707,microsoft/vscode,2,1,0,0,0,1,1,0,0.5,1,1,True
3923139605,microsoft/vscode,160,163,7,1,7,4,11,1,1.0188,4,4,True
3762895836,microsoft/vscode,8,7,0,0,0,1,1,0,0.875,1,1,True
3870226885,microsoft/vscode,0,0,0,0,0,0,0,0,0.0,1,0,False
3812386009,microsoft/vscode,128,132,9,0,13,4,12,1,1.0312,4,4,True
3756760094,microsoft/vscode,2,1,0,0,0,1,1,0,0.5,1,1,True
3687674518,microsoft/vscode,280,283,5,2,11,4,11,1,1.0107,4,4,True
3986170217,microsoft/vscode,1132,1152,50,2,73,32,84,1,1.0177,32,32,True
3911305247,microsoft/vscode,113,87,2,0,4,28,30,1,0.7699,28,28,True
3957882973,microsoft/vscode,49,51,4,0,7,2,6,1,1.0408,2,2,True
3806932392,microsoft/vscode,8,7,0,0,0,1,1,0,0.875,4,1,True
3678709460,microsoft/vscode,0,0,0,0,0,0,0,0,0.0,0,0,False
3707714223,microsoft/vscode,354,392,37,8,57,3,44,1,1.1073,3,3,True
3971645449,microsoft/vscode,28,27,2,0,4,3,5,1,0.9643,4,3,True
3875974258,microsoft/vscode,43,40,0,0,0,3,3,0,0.9302,3,3,True
3878988585,microsoft/vscode,22,21,1,0,1,1,1,0,0.9545,1,1,True
3712200846,microsoft/vscode,5,4,0,0,0,1,1,0,0.8,1,1,True
3774198814,microsoft/vscode,0,0,0,0,0,0,0,0,0.0,0,0,False
3921529821,microsoft/vscode,44,44,2,0,0,2,4,1,1.0,2,2,True
3887573087,microsoft/vscode,123,124,3,1,2,2,5,1,1.0081,2,2,True
3940691919,microsoft/vscode,42,40,0,1,0,3,4,1,0.9524,3,3,True
3691462746,microsoft/vscode,11,11,1,0,1,1,2,0,1.0,1,1,True
3886994160,microsoft/vscode,106,106,2,2,2,4,8,1,1.0,4,4,True
3956249368,microsoft/vscode,167,172,7,0,10,2,9,1,1.0299,2,2,True
3703800701,microsoft/vscode,297,275,7,1,16,30,38,1,0.9259,30,30,True
3802460827,microsoft/vscode,9,8,0,0,7,1,1,0,0.8889,1,1,True
3888231512,microsoft/vscode,2,1,0,0,0,1,1,0,0.5,1,1,True
3842238325,microsoft/vscode,140,138,9,0,1,11,20,1,0.9857,11,11,True
3956528149,microsoft/vscode,0,0,0,0,0,0,0,0,0.0,0,0,False
3939477409,microsoft/vscode,187,192,8,0,3,2,9,1,1.0267,2,2,True
3912879456,microsoft/vscode,5,3,0,0,0,2,2,0,0.6,2,2,True
3665354505,microsoft/vscode,1166,1172,38,11,60,26,58,2,1.0051,26,26,True
3677798785,microsoft/vscode,151,146,9,3,7,13,21,1,0.9669,13,13,True
3849550806,microsoft/vscode,0,0,0,0,0,0,0,0,0.0,0,0,False
3994851885,microsoft/vscode,12,11,1,0,1,2,3,0,0.9167,2,2,True
3671074655,microsoft/vscode,498,488,16,7,26,28,46,1,0.9799,30,28,True
3892890682,microsoft/vscode,3,2,0,0,0,1,1,0,0.6667,1,1,True
3958135143,microsoft/vscode,63,62,3,0,3,4,7,1,0.9841,4,4,True
3815737372,microsoft/vscode,15,13,1,0,0,3,4,0,0.8667,3,3,True
3858465310,microsoft/vscode,63,68,7,0,5,2,9,1,1.0794,2,2,True
3665441364,microsoft/vscode,0,0,0,0,0,0,0,0,0.0,0,0,False
3678395982,microsoft/vscode,165,167,7,5,8,6,14,1,1.0121,6,6,True
3895127041,microsoft/vscode,159,165,8,0,9,2,10,1,1.0377,2,2,True
3665233036,microsoft/vscode,1356,1472,137,30,172,10,136,1,1.0855,10,10,True
3766990181,microsoft/vscode,0,0,0,0,0,0,0,0,0.0,0,0,False
3748292054,microsoft/vscode,0,0,0,0,0,0,0,0,0.0,0,0,False
3970898697,microsoft/vscode,719,727,28,12,33,20,48,1,1.0111,20,20,True
3706221352,microsoft/vscode,3686,3719,125,19,160,97,227,2,1.009,97,97,True
3827484450,microsoft/vscode,13,13,1,0,2,1,2,0,1.0,1,1,True
3854133189,microsoft/vscode,2,1,0,0,0,1,1,0,0.5,1,1,True
3973898353,microsoft/vscode,3,2,2,0,0,1,1,1,0.6667,1,1,True
3877387602,microsoft/vscode,211,215,13,1,25,8,20,1,1.019,8,8,True
3962573429,microsoft/vscode,106,103,2,0,10,5,7,1,0.9717,5,5,True
3772796661,microsoft/vscode,15,16,2,0,2,1,3,1,1.0667,1,1,True
3692027180,microsoft/vscode,24,21,0,0,1,3,3,0,0.875,3,3,True
3926206938,microsoft/vscode,3,2,0,0,0,1,1,0,0.6667,3,1,True
3951829751,microsoft/vscode,29,25,0,0,0,4,4,0,0.8621,4,4,True
3954389062,microsoft/vscode,4,3,0,0,0,1,1,0,0.75,1,1,True
3724370644,microsoft/vscode,0,0,0,0,0,0,0,0,0.0,0,0,False
3785520439,microsoft/vscode,0,0,0,0,0,0,0,0,0.0,0,0,False
3942922244,microsoft/vscode,4,3,0,0,0,1,1,0,0.75,1,1,True
3966663767,microsoft/vscode,139,138,7,1,7,9,17,1,0.9928,9,9,True
3908097697,microsoft/vscode,2789,2846,66,20,91,13,83,2,1.0204,13,13,True
3958958018,microsoft/vscode,3,2,0,0,0,1,1,0,0.6667,1,1,True
3821429108,microsoft/vscode,16,17,3,1,1,1,3,1,1.0625,1,1,True
3952625024,microsoft/vscode,8,6,0,0,1,2,2,0,0.75,2,2,True
3707536028,microsoft/vscode,8,8,1,0,0,1,2,0,1.0,1,1,True
3895052263,microsoft/vscode,12,10,0,0,1,2,2,0,0.8333,2,2,True
3820020092,microsoft/vscode,0,0,0,0,0,0,0,0,0.0,0,0,False
3826439874,microsoft/vscode,0,0,0,0,0,0,0,0,0.0,0,0,False
3845149793,microsoft/vscode,69,69,3,0,0,3,6,1,1.0,3,3,True
3703437972,microsoft/vscode,0,0,0,0,0,0,0,0,0.0,0,0,False
3852482861,microsoft/vscode,74,60,2,0,8,16,18,1,0.8108,16,16,True
3777370247,microsoft/vscode,2,1,0,0,0,1,1,0,0.5,1,1,True
3705858384,microsoft/vscode,3,2,0,0,1,1,1,0,0.6667,1,1,True
3895064746,microsoft/vscode,2,1,0,0,0,1,1,0,0.5,1,1,True
3848488778,microsoft/vscode,24,24,1,0,1,1,2,0,1.0,1,1,True
3884289329,microsoft/vscode,3,2,0,0,0,1,1,0,0.6667,1,1,True
3823085649,microsoft/vscode,13,13,2,0,0,2,4,1,1.0,2,2,True
3923321625,microsoft/vscode,1152,1184,54,17,46,29,90,1,1.0278,30,29,True
3677724018,microsoft/vscode,4,4,1,0,0,1,2,0,1.0,1,1,True
3853300031,microsoft/vscode,4,3,0,0,0,1,1,0,0.75,1,1,True
3973032539,microsoft/vscode,590,595,7,6,13,4,13,1,1.0085,4,4,True
3679389382,microsoft/vscode,51,55,5,2,10,2,8,1,1.0784,2,2,True
3808227516,microsoft/vscode,295,306,11,6,11,2,15,1,1.0373,2,2,True
3886582274,microsoft/vscode,151,154,8,3,9,5,13,1,1.0199,8,5,True
3750812138,microsoft/vscode,2,1,0,0,0,1,1,0,0.5,1,1,True
3968905788,microsoft/vscode,102,103,6,0,6,4,9,1,1.0098,4,4,True
3695876507,microsoft/vscode,220,227,8,3,6,4,15,1,1.0318,4,4,True
3966827985,microsoft/vscode,39,37,0,0,4,2,2,0,0.9487,2,2,True
3898644459,microsoft/vscode,10,9,0,0,0,1,1,0,0.9,1,1,True
3961782558,microsoft/vscode,4,3,0,0,0,1,1,0,0.75,1,1,True
3781731001,microsoft/vscode,5,4,0,0,0,1,1,0,0.8,1,1,True
3731893985,microsoft/vscode,95,98,9,0,0,5,13,1,1.0316,6,5,True
3872859783,microsoft/vscode,21,23,2,1,2,1,4,1,1.0952,1,1,True
3981677603,microsoft/vscode,138,136,2,0,9,4,6,1,0.9855,4,4,True
3840892297,microsoft/vscode,13,11,1,0,0,3,4,0,0.8462,3,3,True
3737741775,microsoft/vscode,4,3,0,0,0,1,1,0,0.75,1,1,True
3922862368,microsoft/vscode,345,353,34,0,24,18,44,1,1.0232,18,18,True
3965908516,microsoft/vscode,0,0,0,0,0,0,0,0,0.0,0,0,False
3936213941,microsoft/vscode,0,0,0,0,0,0,0,0,0.0,0,0,False
3757140805,microsoft/vscode,2,1,0,0,1,1,1,0,0.5,1,1,True
3773865470,microsoft/vscode,68,60,2,1,0,11,14,1,0.8824,11,11,True
3721306200,microsoft/vscode,2,1,0,0,0,1,1,0,0.5,1,1,True
3844751305,microsoft/vscode,121,118,6,0,8,8,13,1,0.9752,8,8,True
3767267577,microsoft/vscode,0,0,0,0,0,0,0,0,0.0,0,0,False
3899410246,microsoft/vscode,0,0,0,0,0,0,0,0,0.0,0,0,False
3843718694,microsoft/vscode,87,79,2,1,4,10,12,1,0.908,10,10,True
3928611741,microsoft/vscode,26,25,0,0,0,1,1,0,0.9615,1,1,True
3756747569,microsoft/vscode,0,0,0,0,0,0,0,0,0.0,0,0,False
3935233380,microsoft/vscode,37,36,2,0,4,3,5,1,0.973,3,3,True
3751744211,microsoft/vscode,0,0,0,0,0,0,0,0,0.0,0,0,False
3821595446,microsoft/vscode,48,48,1,2,4,2,4,1,1.0,2,2,True
3826336938,microsoft/vscode,2,1,0,0,0,1,1,0,0.5,1,1,True
3805461220,microsoft/vscode,328,341,26,3,27,13,39,1,1.0396,13,13,True
3666216878,microsoft/vscode,4,2,0,0,0,2,2,0,0.5,2,2,True
3935984856,microsoft/vscode,0,0,0,0,0,0,0,0,0.0,0,0,False
3830943148,microsoft/vscode,0,0,0,0,0,0,0,0,0.0,0,0,False
3871072991,microsoft/vscode,0,0,0,0,0,0,0,0,0.0,0,0,False
3973087198,microsoft/vscode,0,0,0,0,0,0,0,0,0.0,0,0,False
3791841019,microsoft/vscode,0,0,0,0,0,0,0,0,0.0,0,0,False
3814787892,microsoft/vscode,14,13,1,0,1,2,3,0,0.9286,4,2,True
3934637238,microsoft/vscode,170,175,15,1,15,8,21,1,1.0294,8,8,True
3967272762,microsoft/vscode,0,0,0,0,0,0,0,0,0.0,1326,0,False
3970004127,facebook/react,9,10,2,0,1,1,3,1,1.1111,1,1,True
3965790583,facebook/react,196,195,3,0,15,3,5,0,0.9949,3,3,True
3968182808,facebook/react,67,67,2,0,2,2,4,1,1.0,2,2,True
3963111036,facebook/react,55,54,0,0,2,1,1,0,0.9818,1,1,True
3954959028,facebook/react,74,77,8,2,2,3,9,1,1.0405,3,3,True
3956643922,facebook/react,18,16,0,0,0,2,2,0,0.8889,2,2,True
3954566030,facebook/react,58,56,0,0,1,2,2,0,0.9655,2,2,True
3954543307,facebook/react,0,0,0,0,0,0,0,0,0.0,0,0,False
3950745791,facebook/react,9,9,2,0,0,1,2,1,1.0,1,1,True
3942991029,facebook/react,5,4,0,0,0,1,1,0,0.8,1,1,True
3934202438,facebook/react,0,0,0,0,0,0,0,0,0.0,0,0,False
3940952143,facebook/react,0,0,0,0,0,0,0,0,0.0,0,0,False
3928040621,facebook/react,83,81,1,0,4,3,4,1,0.9759,3,3,True
3927567567,facebook/react,32,31,1,0,0,2,3,0,0.9688,2,2,True
3927350694,facebook/react,28,25,0,0,0,3,3,0,0.8929,3,3,True
3924729611,facebook/react,36,33,0,0,1,3,3,0,0.9167,3,3,True
3923546735,facebook/react,2,1,0,0,0,1,1,0,0.5,1,1,True
3923696038,facebook/react,17,19,3,0,4,1,4,1,1.1176,1,1,True
3923497615,facebook/react,5,4,0,0,0,1,1,0,0.8,1,1,True
3923485271,facebook/react,11,11,1,0,0,1,2,0,1.0,1,1,True
3917572579,facebook/react,192,189,0,0,2,3,3,0,0.9844,3,3,True
3914807083,facebook/react,14,13,1,0,0,2,3,0,0.9286,2,2,True
3914707441,facebook/react,40,35,0,0,1,5,5,0,0.875,5,5,True
3914554024,facebook/react,36,33,0,0,1,3,3,0,0.9167,3,3,True
3913249730,facebook/react,0,0,0,0,0,0,0,0,0.0,0,0,False
3912459220,facebook/react,929,942,47,6,44,31,75,1,1.014,31,31,True
3907686614,facebook/react,20,19,0,0,0,1,1,0,0.95,1,1,True
3906306656,facebook/react,257,253,0,0,2,4,4,0,0.9844,4,4,True
3904354837,facebook/react,0,0,0,0,0,0,0,0,0.0,0,0,False
3902877170,facebook/react,170,175,9,1,2,5,15,1,1.0294,5,5,True
3904192596,facebook/react,3112,3147,74,8,165,28,91,2,1.0112,28,28,True
3901156113,facebook/react,358,357,1,1,9,3,5,1,0.9972,3,3,True
3900053406,facebook/react,269,265,1,1,12,6,8,1,0.9851,6,6,True
3899068836,facebook/react,115,121,8,1,6,1,8,1,1.0522,1,1,True
3899017294,facebook/react,1083,1122,38,6,78,3,45,1,1.036,3,3,True
3897985849,facebook/react,95,95,2,0,5,2,4,1,1.0,2,2,True
3897907007,facebook/react,233,244,11,4,21,3,17,1,1.0472,3,3,True
3888457845,facebook/react,30,27,0,0,1,3,3,0,0.9,5,3,True
3882151494,facebook/react,26,25,0,0,0,1,1,0,0.9615,1,1,True
3876907704,facebook/react,28,26,0,0,1,2,2,0,0.9286,2,2,True
3872202430,facebook/react,133,139,7,2,3,2,10,1,1.0451,2,2,True
3887750614,facebook/react,1073,997,0,0,1,76,76,0,0.9292,76,76,True
3870219777,facebook/react,11,11,1,0,0,1,2,1,1.0,1,1,True
3861571109,facebook/react,80,82,4,0,5,2,6,1,1.025,2,2,True
3861965538,facebook/react,154,159,4,3,7,2,9,1,1.0325,2,2,True
3856487980,facebook/react,758,798,35,11,39,4,48,1,1.0528,4,4,True
3853225591,facebook/react,17,15,1,0,2,2,2,0,0.8824,2,2,True
3850952653,facebook/react,361,364,16,2,11,14,31,1,1.0083,14,14,True
3850548063,facebook/react,61,55,0,0,0,6,6,0,0.9016,6,6,True
3849485637,facebook/react,2,1,1,0,0,1,1,0,0.5,1,1,True
3849474698,facebook/react,2,1,1,0,0,1,1,0,0.5,1,1,True
3849463610,facebook/react,2,1,1,0,0,1,1,0,0.5,1,1,True
3849452220,facebook/react,2,1,1,0,0,1,1,0,0.5,1,1,True
3841458187,facebook/react,26,24,0,0,2,2,2,0,0.9231,2,2,True
3837133239,facebook/react,57,55,1,2,2,4,6,1,0.9649,4,4,True
3835934290,facebook/react,370,361,3,0,6,12,15,1,0.9757,12,12,True
3835932633,facebook/react,396,378,0,0,0,18,18,0,0.9545,18,18,True
3841780510,facebook/react,2638,2557,0,1,23,82,83,0,0.9693,98,82,True
3835927394,facebook/react,11,7,0,0,0,4,4,0,0.6364,4,4,True
3834993516,facebook/react,21,20,0,0,1,1,1,0,0.9524,1,1,True
3834893192,facebook/react,0,0,0,0,0,0,0,0,0.0,0,0,False
3834992211,facebook/react,2,1,0,0,0,1,1,0,0.5,1,1,True
3832256283,facebook/react,0,0,0,0,0,0,0,0,0.0,0,0,False
3818415586,facebook/react,26,25,2,0,4,2,3,1,0.9615,2,2,True
3817103903,facebook/react,555,551,0,2,5,6,8,1,0.9928,6,6,True
3817103116,facebook/react,447,438,0,0,2,9,9,0,0.9799,9,9,True
3817101999,facebook/react,17,13,0,0,3,4,4,0,0.7647,4,4,True
3817406711,facebook/react,888,837,9,2,18,60,69,2,0.9426,60,60,True
3816275611,facebook/react,17,16,1,0,2,2,3,0,0.9412,2,2,True
3811266986,facebook/react,0,0,0,0,0,0,0,0,0.0,0,0,False
3810662573,facebook/react,0,0,0,0,0,0,0,0,0.0,0,0,False
3809269549,facebook/react,21,21,1,0,0,1,2,1,1.0,1,1,True
3809226308,facebook/react,7,6,1,0,0,1,1,0,0.8571,1,1,True
3809211088,facebook/react,0,0,0,0,0,0,0,0,0.0,0,0,False
3809175856,facebook/react,0,0,0,0,0,0,0,0,0.0,0,0,False
3809162006,facebook/react,0,0,0,0,0,0,0,0,0.0,0,0,False
3805124019,facebook/react,1122,1152,48,3,47,16,62,1,1.0267,16,16,True
3797526371,facebook/react,216,227,13,0,7,2,15,1,1.0509,2,2,True
3798780491,facebook/react,0,0,0,0,0,0,0,0,0.0,0,0,False
3811883919,facebook/react,2718,2427,52,2,147,328,365,1,0.8929,328,328,True
3796986196,facebook/react,79,76,1,0,9,4,5,1,0.962,4,4,True
3793523507,facebook/react,0,0,0,0,0,0,0,0,0.0,0,0,False
3793408709,facebook/react,0,0,0,0,0,0,0,0,0.0,3,0,False
3793329872,facebook/react,2,1,0,0,0,1,1,0,0.5,1,1,True
3791410182,facebook/react,855,847,5,0,30,13,18,1,0.9906,13,13,True
3789357820,facebook/react,594,604,10,4,31,4,18,1,1.0168,4,4,True
3789642495,facebook/react,128,127,0,0,10,1,1,0,0.9922,1,1,True
3789114714,facebook/react,1723,1767,35,17,151,4,52,2,1.0255,4,4,True
3782668651,facebook/react,239,236,6,0,9,9,15,1,0.9874,9,9,True
3782197752,facebook/react,447,458,13,0,40,2,15,1,1.0246,2,2,True
3782006567,facebook/react,4,2,0,0,0,2,2,0,0.5,2,2,True
3781999056,facebook/react,4,2,0,0,0,2,2,0,0.5,2,2,True
3781992912,facebook/react,4,2,0,0,0,2,2,0,0.5,2,2,True
3781716845,facebook/react,0,0,0,0,0,0,0,0,0.0,0,0,False
3777565263,facebook/react,114,113,3,0,4,4,7,1,0.9912,4,4,True
3777190725,facebook/react,202,207,11,1,12,4,13,1,1.0248,4,4,True
3777029451,facebook/react,114,115,3,0,7,2,5,1,1.0088,2,2,True
3776986366,facebook/react,36,36,10,0,0,2,4,1,1.0,2,2,True
3774588019,facebook/react,263,261,7,0,9,7,12,1,0.9924,7,7,True
3774005448,facebook/react,0,0,0,0,0,0,0,0,0.0,0,0,False
3772211530,facebook/react,175,177,6,0,10,3,8,1,1.0114,3,3,True
3772925495,facebook/react,69,66,8,0,2,10,17,1,0.9565,11,10,True
3772065075,facebook/react,67,65,1,0,3,3,4,0,0.9701,3,3,True
3768360184,facebook/react,314,309,1,0,5,6,7,0,0.9841,6,6,True
3762744655,facebook/react,341,360,23,7,6,4,27,1,1.0557,4,4,True
3762732875,facebook/react,487,518,37,11,10,6,43,1,1.0637,6,6,True
3762724679,facebook/react,481,511,36,11,10,6,42,1,1.0624,6,6,True
3762019732,facebook/react,105,109,10,1,5,6,16,1,1.0381,20,6,True
3761466043,facebook/react,28,26,0,0,1,2,2,0,0.9286,2,2,True
3761409330,facebook/react,32,30,0,0,1,2,2,0,0.9375,2,2,True
3760905384,facebook/react,97,100,9,1,4,6,15,1,1.0309,19,6,True
3760870794,facebook/react,0,0,0,0,0,0,0,0,0.0,0,0,False
3757392695,facebook/react,6,3,0,0,0,3,3,0,0.5,3,3,True
3760847229,facebook/react,0,0,0,0,0,0,0,0,0.0,0,0,False
3757042690,facebook/react,0,0,0,0,0,0,0,0,0.0,1,0,False
3756472060,facebook/react,21,13,0,0,0,8,8,0,0.619,11,8,True
3756442443,facebook/react,2,1,0,0,0,1,1,0,0.5,1,1,True
3756218065,facebook/react,0,0,0,0,0,0,0,0,0.0,0,0,False
3756065538,facebook/react,97,100,9,1,4,6,15,1,1.0309,20,6,True
3751819783,facebook/react,0,0,0,0,0,0,0,0,0.0,0,0,False
3749508069,facebook/react,0,0,0,0,0,0,0,0,0.0,0,0,False
3748494595,facebook/react,166,168,4,0,4,2,6,1,1.012,2,2,True
3748463070,facebook/react,0,0,0,0,0,0,0,0,0.0,0,0,False
3748052122,facebook/react,0,0,0,0,0,0,0,0,0.0,2,0,False
3747463376,facebook/react,0,0,0,0,0,0,0,0,0.0,0,0,False
3738027129,facebook/react,0,0,0,0,0,0,0,0,0.0,0,0,False
3746734603,facebook/react,33,32,0,2,4,2,3,1,0.9697,2,2,True
3737392816,facebook/react,57,55,1,0,3,3,4,0,0.9649,11,3,True
3734224005,facebook/react,0,0,0,0,0,0,0,0,0.0,0,0,False
3728172183,facebook/react,0,0,0,0,0,0,0,0,0.0,0,0,False
3725400954,facebook/react,9,8,0,0,0,1,1,0,0.8889,1,1,True
3725364130,facebook/react,0,0,0,0,0,0,0,0,0.0,0,0,False
3725363824,facebook/react,9,8,0,0,0,1,1,0,0.8889,1,1,True
3725363652,facebook/react,10,8,0,0,0,2,2,0,0.8,2,2,True
3725363283,facebook/react,20,15,0,0,0,5,5,0,0.75,5,5,True
3725363456,facebook/react,74,60,0,0,0,14,14,0,0.8108,14,14,True
3725171334,facebook/react,196,200,6,3,7,2,8,1,1.0204,2,2,True
3722733303,facebook/react,1324,1354,32,1,70,3,36,2,1.0227,3,3,True
3722594915,facebook/react,12,6,0,0,0,6,6,0,0.5,6,6,True
3722561888,facebook/react,16,8,0,0,0,8,8,0,0.5,8,8,True
3721638328,facebook/react,161,157,0,1,3,5,6,0,0.9752,5,5,True
3721598866,facebook/react,161,157,0,1,3,5,6,0,0.9752,5,5,True
3721598706,facebook/react,161,157,0,1,3,5,6,0,0.9752,5,5,True
3721598406,facebook/react,156,153,0,1,3,4,5,0,0.9808,4,4,True
3721598256,facebook/react,35,34,0,1,0,2,3,0,0.9714,2,2,True
3721597959,facebook/react,15,14,0,0,0,1,1,0,0.9333,1,1,True
3721597811,facebook/react,128,129,0,4,1,3,7,1,1.0078,3,3,True
3721597663,facebook/react,116,117,0,4,1,3,7,1,1.0086,3,3,True
3721597471,facebook/react,84,85,0,4,1,3,7,1,1.0119,3,3,True
3721597354,facebook/react,54,54,0,3,1,3,6,1,1.0,3,3,True
3721597192,facebook/react,7,5,0,0,0,2,2,0,0.7143,2,2,True
3720260378,facebook/react,7,5,0,0,0,2,2,0,0.7143,2,2,True
3720140252,facebook/react,18,19,3,0,1,2,5,1,1.0556,2,2,True
3720096472,facebook/react,16,15,0,0,0,1,1,0,0.9375,1,1,True
3719630803,facebook/react,115,112,0,1,17,4,5,1,0.9739,5,4,True
3718823105,facebook/react,13,11,0,0,2,2,2,0,0.8462,2,2,True
3712071869,facebook/react,194,184,0,0,2,10,10,0,0.9485,10,10,True
3697263503,facebook/react,0,0,0,0,0,0,0,0,0.0,0,0,False
3696102285,facebook/react,272,303,33,8,40,1,33,2,1.114,1,1,True
3708440541,facebook/react,0,0,0,0,0,0,0,0,0.0,0,0,False
3693672799,facebook/react,32,33,3,0,0,2,5,1,1.0312,2,2,True
3693524446,facebook/react,18,14,0,0,1,4,4,0,0.7778,4,4,True
3693282609,facebook/react,5,5,1,0,0,1,2,0,1.0,1,1,True
3679309748,facebook/react,481,511,36,11,10,6,42,1,1.0624,6,6,True
3678724272,facebook/react,213,218,6,0,12,1,7,1,1.0235,1,1,True
3675078170,facebook/react,16,14,0,0,1,2,2,0,0.875,2,2,True
3671635000,facebook/react,0,0,0,0,0,0,0,0,0.0,0,0,False
3670374427,facebook/react,97,100,9,1,4,6,15,1,1.0309,19,6,True
3670216593,facebook/react,93,91,4,0,8,4,6,1,0.9785,4,4,True
3668943340,facebook/react,80,80,3,0,4,2,4,1,1.0,2,2,True
3666206830,facebook/react,0,0,0,0,0,0,0,0,0.0,0,0,False
3655637544,facebook/react,20,18,0,0,1,2,2,0,0.9,2,2,True
3654996494,facebook/react,0,0,0,0,0,0,0,0,0.0,0,0,False
3648212997,facebook/react,0,0,0,0,0,0,0,0,0.0,0,0,False
3640181345,facebook/react,0,0,0,0,0,0,0,0,0.0,0,0,False
3639601920,facebook/react,0,0,0,0,0,0,0,0,0.0,0,0,False
3638352862,facebook/react,160,164,8,2,7,5,14,1,1.025,5,5,True
3638120984,facebook/react,0,0,0,0,0,0,0,0,0.0,0,0,False
3619760867,facebook/react,85,83,8,0,2,9,16,1,0.9765,9,9,True
3619688283,facebook/react,70,65,5,0,2,9,13,1,0.9286,9,9,True
3618625142,facebook/react,0,0,0,0,0,0,0,0,0.0,0,0,False
3618624885,facebook/react,2,1,0,0,0,1,1,0,0.5,1,1,True
3615730754,facebook/react,136,136,4,0,2,3,6,1,1.0,3,3,True
3609203830,facebook/react,5,4,0,0,0,1,1,0,0.8,1,1,True
3609174348,facebook/react,6,5,0,0,0,1,1,0,0.8333,1,1,True
3605967813,facebook/react,0,0,0,0,0,0,0,0,0.0,0,0,False
3599930838,facebook/react,0,0,0,0,0,0,0,0,0.0,0,0,False
3599919679,facebook/react,0,0,0,0,0,0,0,0,0.0,0,0,False
3599907766,facebook/react,0,0,0,0,0,0,0,0,0.0,0,0,False
3599901835,facebook/react,0,0,0,0,0,0,0,0,0.0,0,0,False
3599890271,facebook/react,0,0,0,0,0,0,0,0,0.0,0,0,False
3599878679,facebook/react,0,0,0,0,0,0,0,0,0.0,0,0,False
3686466206,facebook/react,63120,63759,1893,870,4258,1551,3741,2,1.0101,1551,1551,True
3590865294,facebook/react,169,164,5,0,9,10,15,1,0.9704,10,10,True
3683290129,facebook/react,63135,63882,1969,892,4470,1518,3783,2,1.0118,1518,1518,True
3586571663,facebook/react,20,14,0,0,3,6,6,0,0.7,6,6,True
3581906156,facebook/react,0,0,0,0,0,0,0,0,0.0,0,0,False
3580107185,facebook/react,75,79,7,1,4,2,8,1,1.0533,2,2,True
3574059026,facebook/react,115,114,0,0,3,1,1,0,0.9913,1,1,True
3566880419,facebook/react,131,131,4,0,10,4,8,0,1.0,4,4,True
3565270619,facebook/react,2,1,0,0,0,1,1,0,0.5,1,1,True
3563631522,facebook/react,24,24,0,2,0,2,4,1,1.0,2,2,True
3560923118,facebook/react,12,10,0,0,0,2,2,0,0.8333,2,2,True
3557327796,facebook/react,8,5,0,0,0,3,3,0,0.625,3,3,True
3550887044,facebook/react,25,26,2,0,2,1,3,1,1.04,1,1,True
3546620922,facebook/react,4,4,1,0,0,1,2,0,1.0,1,1,True
3546553007,facebook/react,1316,1348,56,3,62,20,72,1,1.0243,20,20,True
3546398838,facebook/react,19,17,0,0,2,2,2,0,0.8947,2,2,True
3546386373,facebook/react,17,16,0,0,2,1,1,0,0.9412,1,1,True
3545753587,facebook/react,0,0,0,0,0,0,0,0,0.0,0,0,False
3544335240,facebook/react,0,0,0,0,0,0,0,0,0.0,0,0,False
3543897250,facebook/react,29,26,0,0,3,3,3,0,0.8966,3,3,True
3543855575,facebook/react,29,26,0,0,3,3,3,0,0.8966,3,3,True
3543573918,facebook/react,29,26,0,0,3,3,3,0,0.8966,3,3,True
3542703421,facebook/react,0,0,0,0,0,0,0,0,0.0,0,0,False
3542272023,facebook/react,0,0,0,0,0,0,0,0,0.0,0,0,False
3542177034,facebook/react,29,26,0,0,3,3,3,0,0.8966,3,3,True
3541953167,facebook/react,0,0,0,0,0,0,0,0,0.0,0,0,False
3541929460,facebook/react,29,26,0,0,3,3,3,0,0.8966,3,3,True
3541864187,facebook/react,0,0,0,0,0,0,0,0,0.0,0,0,False
3541707470,facebook/react,6,5,0,0,0,1,1,0,0.8333,1,1,True
3541412693,facebook/react,0,0,0,0,0,0,0,0,0.0,0,0,False
3540991202,facebook/react,72,71,1,0,4,2,3,0,0.9861,2,2,True
3540778322,facebook/react,19,16,1,0,1,4,5,1,0.8421,35,4,True
3535039699,facebook/react,9,8,0,0,0,1,1,0,0.8889,1,1,True
3533476382,facebook/react,0,0,0,0,0,0,0,0,0.0,0,0,False
3533309138,facebook/react,4,2,0,0,0,2,2,0,0.5,2,2,True
3532441985,facebook/react,4,2,0,0,0,2,2,0,0.5,2,2,True
3529833883,facebook/react,0,0,0,0,0,0,0,0,0.0,0,0,False
3529738010,facebook/react,0,0,0,0,0,0,0,0,0.0,0,0,False
3529311992,facebook/react,9,6,0,0,0,3,3,0,0.6667,5,3,True
3525939426,facebook/react,0,0,0,0,0,0,0,0,0.0,0,0,False
3528850043,facebook/react,44,40,0,0,4,4,4,0,0.9091,5,4,True
3525549620,facebook/react,0,0,0,0,0,0,0,0,0.0,0,0,False
3518657740,facebook/react,21,22,2,0,0,1,3,1,1.0476,1,1,True
3517757278,facebook/react,441,469,32,11,34,10,48,1,1.0635,10,10,True
3515844924,facebook/react,0,0,0,0,0,0,0,0,0.0,0,0,False
3510598051,facebook/react,5,3,0,0,0,2,2,0,0.6,2,2,True
3509381477,facebook/react,21,18,0,0,2,3,3,0,0.8571,3,3,True
3505134076,facebook/react,12,9,0,0,0,3,3,0,0.75,3,3,True
3504792924,facebook/react,4,3,0,0,0,1,1,0,0.75,1,1,True
3499198097,facebook/react,0,0,0,0,0,0,0,0,0.0,0,0,False
3498227750,facebook/react,0,0,0,0,0,0,0,0,0.0,0,0,False
3494452130,facebook/react,41,38,0,0,4,3,3,0,0.9268,3,3,True
3486384243,facebook/react,100,100,6,3,4,8,16,1,1.0,8,8,True
3484993552,facebook/react,0,0,0,0,0,0,0,0,0.0,0,0,False
3482398486,facebook/react,20,17,0,0,1,3,3,0,0.85,3,3,True
3482187987,facebook/react,83,85,4,1,5,3,8,1,1.0241,3,3,True
3481667304,facebook/react,25,22,0,0,3,3,3,0,0.88,3,3,True
3483870298,facebook/react,406,211,0,0,0,195,195,0,0.5197,195,195,True
3480984974,facebook/react,0,0,0,0,0,0,0,0,0.0,0,0,False
3480915146,facebook/react,0,0,0,0,0,0,0,0,0.0,0,0,False
3480806437,facebook/react,0,0,0,0,0,0,0,0,0.0,0,0,False
3599192025,facebook/react,70383,71649,2469,493,3148,1226,3718,2,1.018,1466,1226,True
3480753453,facebook/react,0,0,0,0,0,0,0,0,0.0,0,0,False
3479403737,facebook/react,80,86,6,2,3,1,8,1,1.075,1,1,True
3478114676,facebook/react,0,0,0,0,0,0,0,0,0.0,0,0,False
3479341478,facebook/react,2305,2329,41,24,88,35,94,2,1.0104,35,35,True
3474819372,facebook/react,15,15,1,0,2,1,2,0,1.0,1,1,True
3473579411,facebook/react,225,228,5,1,15,3,9,1,1.0133,3,3,True
3467664153,facebook/react,0,0,0,0,0,0,0,0,0.0,0,0,False
3467528955,facebook/react,0,0,0,0,0,0,0,0,0.0,0,0,False
3467501947,facebook/react,0,0,0,0,0,0,0,0,0.0,0,0,False
3460878843,facebook/react,2,1,0,0,0,1,1,0,0.5,1,1,True
3460338353,facebook/react,0,0,0,0,0,0,0,0,0.0,0,0,False
3458743063,facebook/react,26,23,1,0,2,4,5,1,0.8846,4,4,True
3458961331,facebook/react,61,60,1,0,4,2,3,0,0.9836,2,2,True
3457853339,facebook/react,248,252,9,0,11,5,14,1,1.0161,10,5,True
3458037275,facebook/react,13,13,1,0,3,1,2,0,1.0,1,1,True
3457204783,facebook/react,0,0,0,0,0,0,0,0,0.0,0,0,False
3457029699,facebook/react,0,0,0,0,0,0,0,0,0.0,0,0,False
3454966871,facebook/react,0,0,0,0,0,0,0,0,0.0,0,0,False
3453990307,facebook/react,0,0,0,0,0,0,0,0,0.0,0,0,False
3452763756,facebook/react,46,41,0,0,0,5,5,0,0.8913,5,5,True
3456835473,facebook/react,96,72,13,0,3,25,26,0,0.75,40,25,True
3451343313,facebook/react,109,107,0,0,3,2,2,0,0.9817,2,2,True
3449087133,facebook/react,0,0,0,0,0,0,0,0,0.0,0,0,False
3447820874,facebook/react,0,0,0,0,0,0,0,0,0.0,0,0,False
3445413783,facebook/react,3,2,0,0,0,1,1,0,0.6667,1,1,True
3445392657,facebook/react,636,642,24,3,24,17,40,1,1.0094,17,17,True
3443253992,facebook/react,0,0,0,0,0,0,0,0,0.0,0,0,False
3441302801,facebook/react,635,641,24,3,24,17,40,1,1.0094,17,17,True
3436798295,facebook/react,54,52,1,0,2,3,4,0,0.963,3,3,True
3435066626,facebook/react,5,5,2,0,0,1,2,1,1.0,1,1,True
3468782371,facebook/react,63722,64195,478,333,1227,260,993,2,1.0074,260,260,True
3434759596,facebook/react,2,1,0,0,0,1,1,0,0.5,1,1,True
3433541218,facebook/react,2,1,0,0,0,1,1,0,0.5,1,1,True
3429859058,facebook/react,147,152,6,0,5,1,7,1,1.034,1,1,True
3429662963,facebook/react,0,0,0,0,0,0,0,0,0.0,0,0,False
3428612241,facebook/react,0,0,0,0,0,0,0,0,0.0,0,0,False
3425437854,facebook/react,29,28,1,0,1,2,3,1,0.9655,2,2,True
3424671935,facebook/react,71,71,2,0,4,2,4,1,1.0,2,2,True
3427019038,facebook/react,312,312,14,6,14,15,30,1,1.0,15,15,True
3422613645,facebook/react,0,0,0,0,0,0,0,0,0.0,0,0,False
3421490160,facebook/react,6,3,0,0,0,3,3,0,0.5,3,3,True
3421492694,facebook/react,25,23,0,0,2,2,2,0,0.92,2,2,True
3421426323,facebook/react,0,0,0,0,0,0,0,0,0.0,0,0,False
3421262560,facebook/react,0,0,0,0,0,0,0,0,0.0,0,0,False
3987237766,huggingface/transformers,4,2,0,0,0,2,2,0,0.5,2,2,True
3990147245,huggingface/transformers,185,200,19,0,7,4,23,2,1.0811,4,4,True
3992566811,huggingface/transformers,58,58,3,0,0,3,6,1,1.0,3,3,True
3986719922,huggingface/transformers,2,1,0,0,0,1,1,0,0.5,1,1,True
3986043298,huggingface/transformers,28,23,0,0,0,5,5,0,0.8214,5,5,True
3985747804,huggingface/transformers,0,0,0,0,0,0,0,0,0.0,0,0,False
3981824152,huggingface/transformers,13,11,0,0,2,2,2,0,0.8462,2,2,True
3980212702,huggingface/transformers,4,2,0,0,0,2,2,0,0.5,2,2,True
3980060993,huggingface/transformers,25,23,2,0,5,4,6,1,0.92,4,4,True
3978614124,huggingface/transformers,75,77,1,2,0,1,4,1,1.0267,1,1,True
3977172027,huggingface/transformers,19,17,0,0,0,2,2,0,0.8947,2,2,True
3978405950,huggingface/transformers,2,1,0,0,0,1,1,0,0.5,1,1,True
3976641326,huggingface/transformers,27,29,5,0,1,1,4,3,1.0741,1,1,True
3976770699,huggingface/transformers,99,106,9,4,5,5,17,1,1.0707,5,5,True
3973355633,huggingface/transformers,372,402,38,0,0,6,42,3,1.0806,6,6,True
3973017639,huggingface/transformers,6,3,0,0,0,3,3,0,0.5,3,3,True
3972996854,huggingface/transformers,14,16,4,0,0,2,6,1,1.1429,2,2,True
3971994859,huggingface/transformers,47,50,6,0,2,3,9,2,1.0638,3,3,True
3971036878,huggingface/transformers,6,4,0,0,0,2,2,0,0.6667,2,2,True
3970515821,huggingface/transformers,2,1,0,0,0,1,1,0,0.5,1,1,True
3970769992,huggingface/transformers,18,22,5,0,0,1,6,1,1.2222,1,1,True
3967887630,huggingface/transformers,188,194,10,1,6,4,14,2,1.0319,4,4,True
3968406687,huggingface/transformers,20,18,0,0,2,2,2,0,0.9,2,2,True
3968343734,huggingface/transformers,2892,3059,171,33,177,16,199,3,1.0577,16,16,True
3967551272,huggingface/transformers,3,2,0,0,1,1,1,0,0.6667,1,1,True
3967548442,huggingface/transformers,71,67,4,0,0,8,12,1,0.9437,8,8,True
3965960575,huggingface/transformers,0,0,0,0,0,0,0,0,0.0,0,0,False
3963788170,huggingface/transformers,75,73,4,0,2,5,8,2,0.9733,5,5,True
3963303670,huggingface/transformers,658,671,19,3,23,9,31,2,1.0198,9,9,True
3963015190,huggingface/transformers,108,88,2,0,3,22,24,1,0.8148,22,22,True
3961823134,huggingface/transformers,21,20,0,0,1,1,1,0,0.9524,1,1,True
3961525671,huggingface/transformers,82,81,2,1,3,2,3,2,0.9878,2,2,True
3961353842,huggingface/transformers,0,0,0,0,0,0,0,0,0.0,0,0,False
3960379544,huggingface/transformers,12,9,0,0,0,3,3,0,0.75,3,3,True
3956816359,huggingface/transformers,12,9,0,0,0,3,3,0,0.75,3,3,True
3956484893,huggingface/transformers,31,29,1,0,1,2,2,0,0.9355,2,2,True
3955985334,huggingface/transformers,2,1,0,0,0,1,1,0,0.5,1,1,True
3954753374,huggingface/transformers,40,20,0,0,0,20,20,0,0.5,21,20,True
3957501068,huggingface/transformers,32,30,2,0,0,2,2,1,0.9375,2,2,True
3954230483,huggingface/transformers,12,13,2,0,0,1,3,1,1.0833,1,1,True
3953200020,huggingface/transformers,0,0,0,0,0,0,0,0,0.0,6,0,False
3951788295,huggingface/transformers,38,36,0,1,2,3,4,0,0.9474,3,3,True
3949781056,huggingface/transformers,0,0,0,0,0,0,0,0,0.0,0,0,False
3949774199,huggingface/transformers,0,0,0,0,0,0,0,0,0.0,0,0,False
3949045507,huggingface/transformers,2,1,0,0,0,1,1,0,0.5,1,1,True
3948758304,huggingface/transformers,70,69,0,0,0,1,1,0,0.9857,1,1,True
3948598149,huggingface/transformers,24,18,0,0,0,6,6,0,0.75,6,6,True
3947605828,huggingface/transformers,8,8,2,0,0,2,4,1,1.0,2,2,True
3943946100,huggingface/transformers,0,0,0,0,0,0,0,0,0.0,0,0,False
3945712099,huggingface/transformers,4,2,0,2,0,2,2,0,0.5,2,2,True
3943213981,huggingface/transformers,0,0,0,0,0,0,0,0,0.0,0,0,False
3942634202,huggingface/transformers,23,21,1,0,2,2,2,1,0.913,2,2,True
3942205373,huggingface/transformers,14,16,2,1,0,1,4,2,1.1429,1,1,True
3942072895,huggingface/transformers,12,8,0,0,0,4,4,0,0.6667,4,4,True
3941029837,huggingface/transformers,284,293,15,6,7,7,23,3,1.0317,7,7,True
3941170759,huggingface/transformers,35,33,1,0,0,2,2,0,0.9429,2,2,True
3941797417,huggingface/transformers,0,0,0,0,0,0,0,0,0.0,0,0,False
3940311668,huggingface/transformers,0,0,0,0,0,0,0,0,0.0,0,0,False
3940983671,huggingface/transformers,0,0,0,0,0,0,0,0,0.0,0,0,False
3940044468,huggingface/transformers,20,22,4,0,0,2,6,1,1.1,2,2,True
3939500064,huggingface/transformers,53,52,1,1,1,3,5,1,0.9811,3,3,True
3938409030,huggingface/transformers,0,0,0,0,0,0,0,0,0.0,0,0,False
3937799472,huggingface/transformers,10,8,0,0,0,2,2,0,0.8,2,2,True
3937386773,huggingface/transformers,0,0,0,0,0,0,0,0,0.0,0,0,False
3937156417,huggingface/transformers,6,5,0,0,0,1,1,0,0.8333,1,1,True
3936440387,huggingface/transformers,6,4,0,0,0,2,2,0,0.6667,2,2,True
3936045297,huggingface/transformers,14,13,1,0,1,2,3,0,0.9286,2,2,True
3935349156,huggingface/transformers,22,21,0,0,0,1,1,0,0.9545,1,1,True
3934763451,huggingface/transformers,19,18,0,0,0,1,1,0,0.9474,1,1,True
3934526294,huggingface/transformers,19,14,0,0,0,5,5,0,0.7368,5,5,True
3934098493,huggingface/transformers,27,22,0,0,2,5,5,0,0.8148,5,5,True
3934090136,huggingface/transformers,4,2,0,0,0,2,2,0,0.5,2,2,True
3933658533,huggingface/transformers,78,75,3,0,4,4,5,1,0.9615,4,4,True
3935499714,huggingface/transformers,0,0,0,0,0,0,0,0,0.0,0,0,False
3933486898,huggingface/transformers,0,0,0,0,0,0,0,0,0.0,0,0,False
3931640107,huggingface/transformers,4,2,0,0,0,2,2,0,0.5,2,2,True
3931207537,huggingface/transformers,10,9,2,0,0,3,5,1,0.9,3,3,True
3931254065,huggingface/transformers,95,90,0,0,5,5,5,0,0.9474,5,5,True
3929767100,huggingface/transformers,0,0,0,0,0,0,0,0,0.0,0,0,False
3929345279,huggingface/transformers,13,9,1,0,0,4,4,0,0.6923,4,4,True
3928362004,huggingface/transformers,2170,2246,86,6,67,12,100,2,1.035,12,12,True
3927305649,huggingface/transformers,18,18,1,2,1,2,4,1,1.0,2,2,True
3926267642,huggingface/transformers,2,1,0,0,0,1,1,0,0.5,1,1,True
3926067015,huggingface/transformers,18,18,1,1,0,2,4,0,1.0,2,2,True
3925998824,huggingface/transformers,86,79,4,0,12,11,15,1,0.9186,11,11,True
3925997578,huggingface/transformers,77,62,0,0,0,15,15,0,0.8052,15,15,True
3925963721,huggingface/transformers,30,30,2,0,1,2,4,1,1.0,2,2,True
3925886417,huggingface/transformers,255,267,17,0,20,5,22,2,1.0471,5,5,True
3925103719,huggingface/transformers,9,6,0,0,0,3,3,0,0.6667,3,3,True
3925264918,huggingface/transformers,0,0,0,0,0,0,0,0,0.0,0,0,False
3924733860,huggingface/transformers,7,7,2,0,0,1,2,1,1.0,1,1,True
3922474536,huggingface/transformers,0,0,0,0,0,0,0,0,0.0,0,0,False
3924665705,huggingface/transformers,15,9,0,0,0,6,6,0,0.6,6,6,True
3921895834,huggingface/transformers,320,323,10,0,10,7,17,1,1.0094,7,7,True
3920504591,huggingface/transformers,12,10,0,0,0,2,2,0,0.8333,2,2,True
3921659891,huggingface/transformers,28,26,0,0,0,2,2,0,0.9286,3,2,True
3920165830,huggingface/transformers,4,2,0,0,0,2,2,0,0.5,2,2,True
3919722492,huggingface/transformers,23,23,1,0,1,1,2,0,1.0,1,1,True
3919589953,huggingface/transformers,68,68,2,0,1,2,4,1,1.0,2,2,True
3919438008,huggingface/transformers,2,1,0,0,0,1,1,0,0.5,1,1,True
3919253656,huggingface/transformers,53,52,0,0,0,1,1,0,0.9811,1,1,True
3919076432,huggingface/transformers,18,16,2,0,0,4,6,0,0.8889,4,4,True
3917726740,huggingface/transformers,33,27,0,0,0,6,6,0,0.8182,6,6,True
3917219744,huggingface/transformers,20,20,5,0,0,5,10,0,1.0,5,5,True
3917149045,huggingface/transformers,85,84,0,2,0,3,5,1,0.9882,3,3,True
3917133812,huggingface/transformers,5,6,2,0,0,1,3,1,1.2,1,1,True
3916870422,huggingface/transformers,3,3,1,0,0,1,2,0,1.0,1,1,True
3915889156,huggingface/transformers,2,1,0,0,0,1,1,0,0.5,1,1,True
3914872849,huggingface/transformers,5,3,2,0,0,2,2,1,0.6,2,2,True
3913226089,huggingface/transformers,29,29,3,0,1,3,6,1,1.0,3,3,True
3912563643,huggingface/transformers,0,0,0,0,0,0,0,0,0.0,6,0,False
3912432497,huggingface/transformers,7,6,0,0,0,1,1,0,0.8571,1,1,True
3910713609,huggingface/transformers,122,134,22,6,12,4,20,4,1.0984,4,4,True
3910542482,huggingface/transformers,42,43,6,0,7,4,9,2,1.0238,4,4,True
3913174510,huggingface/transformers,1099,1042,43,1,28,86,115,2,0.9481,88,86,True
3910418717,huggingface/transformers,0,0,0,0,0,0,0,0,0.0,0,0,False
3910441450,huggingface/transformers,0,0,0,0,0,0,0,0,0.0,0,0,False
3910396049,huggingface/transformers,19,16,0,0,1,3,3,0,0.8421,3,3,True
3910253287,huggingface/transformers,41,40,1,0,0,2,3,0,0.9756,2,2,True
3910267246,huggingface/transformers,27,29,2,1,3,1,4,2,1.0741,1,1,True
3910154053,huggingface/transformers,0,0,0,0,0,0,0,0,0.0,0,0,False
3910020255,huggingface/transformers,11,12,2,0,0,1,3,0,1.0909,1,1,True
3910018893,huggingface/transformers,5,4,0,0,0,1,1,0,0.8,1,1,True
3910019489,huggingface/transformers,18,21,7,1,0,2,7,3,1.1667,2,2,True
3909901905,huggingface/transformers,0,0,0,0,0,0,0,0,0.0,0,0,False
3909378924,huggingface/transformers,2,1,0,0,0,1,1,0,0.5,1,1,True
3908496244,huggingface/transformers,9,10,2,0,0,1,3,0,1.1111,1,1,True
3908474815,huggingface/transformers,51,44,0,0,0,7,7,0,0.8627,7,7,True
3908474175,huggingface/transformers,8,7,0,0,0,1,1,0,0.875,1,1,True
3908472111,huggingface/transformers,22,26,10,2,0,2,8,3,1.1818,2,2,True
3908471349,huggingface/transformers,43,47,5,0,2,1,6,3,1.093,1,1,True
3907908307,huggingface/transformers,0,0,0,0,0,0,0,0,0.0,0,0,False
3906800230,huggingface/transformers,2,1,0,0,0,1,1,0,0.5,1,1,True
3906630999,huggingface/transformers,21,17,0,0,0,4,4,0,0.8095,4,4,True
3906207858,huggingface/transformers,2,1,0,0,0,1,1,0,0.5,1,1,True
3905828943,huggingface/transformers,18,18,2,0,0,2,4,0,1.0,2,2,True
3905569525,huggingface/transformers,3,2,0,0,0,1,1,0,0.6667,1,1,True
3905752084,huggingface/transformers,5,4,0,0,0,1,1,0,0.8,1,1,True
3904678930,huggingface/transformers,2,1,0,0,0,1,1,0,0.5,1,1,True
3904059951,huggingface/transformers,64,61,0,2,4,5,7,0,0.9531,5,5,True
3905413345,huggingface/transformers,973,1045,82,7,58,7,86,4,1.074,7,7,True
3902946505,huggingface/transformers,0,0,0,0,0,0,0,0,0.0,0,0,False
3902856457,huggingface/transformers,46,47,4,0,2,3,7,1,1.0217,3,3,True
3902085561,huggingface/transformers,79,80,2,0,1,1,3,1,1.0127,1,1,True
3900632128,huggingface/transformers,12,12,1,1,1,2,4,0,1.0,2,2,True
3899794557,huggingface/transformers,535,558,24,3,39,2,27,2,1.043,2,2,True
3900561041,huggingface/transformers,8,7,0,0,0,1,1,0,0.875,1,1,True
3899385359,huggingface/transformers,0,0,0,0,0,0,0,0,0.0,0,0,False
3899377563,huggingface/transformers,0,0,0,0,0,0,0,0,0.0,0,0,False
3898969702,huggingface/transformers,27,27,1,0,4,1,2,1,1.0,1,1,True
3898635706,huggingface/transformers,5,3,0,0,0,2,2,0,0.6,2,2,True
3897826651,huggingface/transformers,85,82,1,2,2,6,9,1,0.9647,6,6,True
3897276387,huggingface/transformers,28,25,0,0,1,3,3,0,0.8929,3,3,True
3897118767,huggingface/transformers,38,39,2,1,0,2,5,1,1.0263,2,2,True
3895067322,huggingface/transformers,87,91,5,1,8,2,8,2,1.046,2,2,True
3894987421,huggingface/transformers,4,2,0,0,0,2,2,0,0.5,2,2,True
3894866436,huggingface/transformers,106,109,5,1,8,3,9,2,1.0283,3,3,True
3894866368,huggingface/transformers,5,3,0,0,0,2,2,0,0.6,2,2,True
3893955768,huggingface/transformers,13,10,0,0,1,3,3,0,0.7692,3,3,True
3893828981,huggingface/transformers,7,7,1,0,0,1,2,0,1.0,1,1,True
3893819387,huggingface/transformers,10,9,1,0,1,2,3,0,0.9,2,2,True
3893555566,huggingface/transformers,29,26,2,0,2,5,7,1,0.8966,5,5,True
3893065441,huggingface/transformers,0,0,0,0,0,0,0,0,0.0,0,0,False
3892814978,huggingface/transformers,12,11,4,1,1,2,3,1,0.9167,2,2,True
3891714973,huggingface/transformers,0,0,0,0,0,0,0,0,0.0,0,0,False
3892415110,huggingface/transformers,46,46,0,2,2,2,4,1,1.0,2,2,True
3891606642,huggingface/transformers,4,2,0,0,0,2,2,0,0.5,2,2,True
3891603140,huggingface/transformers,0,0,0,0,0,0,0,0,0.0,0,0,False
3890842610,huggingface/transformers,6,5,0,0,0,1,1,0,0.8333,1,1,True
3890347820,huggingface/transformers,471,525,72,0,0,13,80,2,1.1146,13,13,True
3890515627,huggingface/transformers,5,3,0,0,0,2,2,0,0.6,2,2,True
3888002759,huggingface/transformers,2,1,0,0,0,1,1,0,0.5,1,1,True
3885644387,huggingface/transformers,481,481,3,0,2,2,4,2,1.0,2,2,True
3885357276,huggingface/transformers,9,8,1,0,1,2,3,1,0.8889,2,2,True
3885543340,huggingface/transformers,44,41,0,1,0,4,5,0,0.9318,5,4,True
3884613861,huggingface/transformers,17,15,0,1,0,3,4,0,0.8824,3,3,True
3884976144,huggingface/transformers,74,78,6,0,3,2,8,1,1.0541,2,2,True
3884513776,huggingface/transformers,23,21,1,0,1,3,4,1,0.913,3,3,True
3883949905,huggingface/transformers,0,0,0,0,0,0,0,0,0.0,0,0,False
3883779002,huggingface/transformers,0,0,0,0,0,0,0,0,0.0,0,0,False
3883575301,huggingface/transformers,133,128,0,0,0,5,5,0,0.9624,5,5,True
3882467527,huggingface/transformers,0,0,0,0,0,0,0,0,0.0,0,0,False
3889542048,huggingface/transformers,2062,1980,106,6,82,146,210,2,0.9602,147,146,True
3881787838,huggingface/transformers,319,333,18,4,23,7,28,2,1.0439,8,7,True
3882125774,huggingface/transformers,67,79,13,3,7,2,16,3,1.1791,2,2,True
3881328830,huggingface/transformers,31,30,0,0,0,1,1,0,0.9677,1,1,True
3880556993,huggingface/transformers,266,290,31,7,27,8,40,3,1.0902,8,8,True
3880731050,huggingface/transformers,10,10,1,0,0,1,2,1,1.0,1,1,True
3880514192,huggingface/transformers,71,75,8,0,6,4,12,3,1.0563,4,4,True
3880513939,huggingface/transformers,155,158,8,0,6,5,13,3,1.0194,5,5,True
3880350754,huggingface/transformers,0,0,0,0,0,0,0,0,0.0,0,0,False
3880309578,huggingface/transformers,0,0,0,0,0,0,0,0,0.0,0,0,False
3878744425,huggingface/transformers,37,36,1,0,0,2,3,0,0.973,2,2,True
3878732690,huggingface/transformers,319,325,10,0,2,2,10,3,1.0188,2,2,True
3878480663,huggingface/transformers,0,0,0,0,0,0,0,0,0.0,0,0,False
3877503449,huggingface/transformers,6,3,0,0,0,3,3,0,0.5,3,3,True
3877491153,huggingface/transformers,321,340,20,8,32,3,25,2,1.0592,3,3,True
3875567233,huggingface/transformers,69,70,5,0,2,2,5,2,1.0145,2,2,True
3875317969,huggingface/transformers,70,69,3,1,0,4,7,2,0.9857,4,4,True
3873163105,huggingface/transformers,7,8,2,0,0,1,3,1,1.1429,1,1,True
3873130220,huggingface/transformers,3347,3448,100,21,77,13,127,2,1.0302,13,13,True
3872886350,huggingface/transformers,5,6,2,0,0,1,3,1,1.2,1,1,True
3872825274,huggingface/transformers,16,16,1,0,0,1,2,0,1.0,1,1,True
3872412120,huggingface/transformers,206,206,1,0,2,1,2,1,1.0,1,1,True
3872218381,huggingface/transformers,10,9,0,0,0,1,1,0,0.9,1,1,True
3870330504,huggingface/transformers,15,13,0,0,0,2,2,0,0.8667,2,2,True
3871852441,huggingface/transformers,181,190,19,7,13,10,29,3,1.0497,10,10,True
3870300886,huggingface/transformers,3,2,0,0,0,1,1,0,0.6667,1,1,True
3870129611,huggingface/transformers,0,0,0,0,0,0,0,0,0.0,0,0,False
3869632353,huggingface/transformers,0,0,0,0,0,0,0,0,0.0,0,0,False
3869253552,huggingface/transformers,12,10,0,0,0,2,2,0,0.8333,2,2,True
3869032972,huggingface/transformers,15,18,5,0,2,1,5,1,1.2,1,1,True
3868962275,huggingface/transformers,30,30,2,0,1,2,4,0,1.0,2,2,True
3868886176,huggingface/transformers,5,4,0,0,0,1,1,0,0.8,1,1,True
3868036661,huggingface/transformers,51,52,2,2,1,2,5,2,1.0196,2,2,True
3868011388,huggingface/transformers,5,4,2,0,0,1,1,1,0.8,1,1,True
3867804740,huggingface/transformers,0,0,0,0,0,0,0,0,0.0,0,0,False
3867687804,huggingface/transformers,84,83,1,0,3,2,3,1,0.9881,2,2,True
3867441151,huggingface/transformers,18,12,0,0,0,6,6,0,0.6667,6,6,True
3867673300,huggingface/transformers,44,45,5,1,3,2,5,2,1.0227,2,2,True
3867130150,huggingface/transformers,24,25,2,1,0,2,5,1,1.0417,2,2,True
3867062930,huggingface/transformers,14,16,3,0,1,1,4,1,1.1429,1,1,True
3866824782,huggingface/transformers,0,0,0,0,0,0,0,0,0.0,0,0,False
3865963013,huggingface/transformers,0,0,0,0,0,0,0,0,0.0,0,0,False
3866542073,huggingface/transformers,613,614,9,3,7,8,17,3,1.0016,8,8,True
3865239192,huggingface/transformers,36,35,1,0,2,2,3,0,0.9722,2,2,True
3865037501,huggingface/transformers,8,4,0,0,0,4,4,0,0.5,4,4,True
3865037319,huggingface/transformers,6,3,0,0,0,3,3,0,0.5,3,3,True
3865037224,huggingface/transformers,4,2,0,0,0,2,2,0,0.5,2,2,True
3862074902,huggingface/transformers,0,0,0,0,0,0,0,0,0.0,0,0,False
3865037093,huggingface/transformers,2,1,0,0,0,1,1,0,0.5,1,1,True
3861841519,huggingface/transformers,5,5,1,0,0,1,2,0,1.0,1,1,True
3861840731,huggingface/transformers,12,10,0,0,0,2,2,0,0.8333,2,2,True
3861814652,huggingface/transformers,6,3,0,0,0,3,3,0,0.5,3,3,True
3861812768,huggingface/transformers,4,2,0,0,0,2,2,0,0.5,2,2,True
3861812629,huggingface/transformers,2,1,0,0,0,1,1,0,0.5,1,1,True
3861654603,huggingface/transformers,23,21,0,0,0,2,2,0,0.913,2,2,True
3861018065,huggingface/transformers,48,54,9,3,3,3,12,3,1.125,3,3,True
3860969599,huggingface/transformers,34,36,3,2,1,2,6,2,1.0588,2,2,True
3860828237,huggingface/transformers,5,5,1,0,0,1,2,0,1.0,1,1,True
3860613279,huggingface/transformers,54,54,1,2,4,2,4,2,1.0,2,2,True
3860743902,huggingface/transformers,8,8,2,0,0,2,4,0,1.0,2,2,True
3860610813,huggingface/transformers,42,41,1,0,1,2,3,0,0.9762,2,2,True
3860605472,huggingface/transformers,108,112,6,3,6,4,12,2,1.037,4,4,True
3860480182,huggingface/transformers,31,34,5,0,2,2,7,1,1.0968,2,2,True
3859840128,huggingface/transformers,19,18,1,0,4,2,3,1,0.9474,2,2,True
3859813709,huggingface/transformers,0,0,0,0,0,0,0,0,0.0,0,0,False
3859172507,huggingface/transformers,10,6,0,0,0,4,4,0,0.6,4,4,True
3859070991,huggingface/transformers,35,34,0,1,3,2,3,1,0.9714,2,2,True
3858318741,huggingface/transformers,12,10,0,0,0,2,2,0,0.8333,2,2,True
3857993786,huggingface/transformers,75,82,9,0,8,2,11,1,1.0933,2,2,True
3857447376,huggingface/transformers,53,50,2,4,3,4,5,1,0.9434,4,4,True
3857043876,huggingface/transformers,61,60,0,1,3,2,3,1,0.9836,2,2,True
3856902809,huggingface/transformers,0,0,0,0,0,0,0,0,0.0,0,0,False
3856960758,huggingface/transformers,23,22,0,0,0,1,1,0,0.9565,1,1,True
3856243936,huggingface/transformers,8,4,0,0,0,4,4,0,0.5,4,4,True
3855879126,huggingface/transformers,0,0,0,0,0,0,0,0,0.0,0,0,False
3855689499,huggingface/transformers,7,4,0,0,0,3,3,0,0.5714,3,3,True
3854831289,huggingface/transformers,4,3,0,0,0,1,1,0,0.75,1,1,True
3855078476,huggingface/transformers,9,8,0,0,0,1,1,0,0.8889,1,1,True
3854498102,huggingface/transformers,94,115,25,1,5,1,23,5,1.2234,1,1,True
3854818458,huggingface/transformers,3768,3900,139,27,111,30,192,2,1.035,30,30,True
3854367542,huggingface/transformers,8,7,0,0,0,1,1,0,0.875,1,1,True
3854348115,huggingface/transformers,332,334,4,1,13,3,8,1,1.006,3,3,True
3853631073,huggingface/transformers,0,0,0,0,0,0,0,0,0.0,0,0,False
3853459361,huggingface/transformers,60,60,3,1,3,3,6,2,1.0,3,3,True
3853307188,huggingface/transformers,33,31,0,0,0,2,2,0,0.9394,2,2,True
3860407474,huggingface/transformers,29,27,0,0,0,2,2,0,0.931,2,2,True
3852961310,huggingface/transformers,26,25,2,1,0,2,3,0,0.9615,2,2,True
3853190512,huggingface/transformers,0,0,0,0,0,0,0,0,0.0,0,0,False
3852893035,huggingface/transformers,26,25,1,0,1,2,3,0,0.9615,2,2,True
3852810315,huggingface/transformers,199,217,17,11,12,6,30,4,1.0905,6,6,True
3852851173,huggingface/transformers,18,15,0,0,3,3,3,0,0.8333,3,3,True
3852609534,huggingface/transformers,2,1,0,0,0,1,1,0,0.5,1,1,True
3852600575,huggingface/transformers,4,3,0,0,0,1,1,0,0.75,1,1,True
3852593726,huggingface/transformers,6,3,0,0,0,3,3,0,0.5,3,3,True
3852593668,huggingface/transformers,2,1,0,0,0,1,1,0,0.5,1,1,True
3852593643,huggingface/transformers,2,1,0,0,0,1,1,0,0.5,1,1,True
3852593520,huggingface/transformers,3,2,0,0,0,1,1,0,0.6667,1,1,True
3851743450,huggingface/transformers,42,38,0,0,0,4,4,0,0.9048,4,4,True
3850545467,huggingface/transformers,5,4,1,0,0,2,3,0,0.8,2,2,True
3849461382,huggingface/transformers,50,52,0,4,0,2,6,2,1.04,2,2,True
3849035410,huggingface/transformers,12,11,0,0,0,1,1,0,0.9167,1,1,True
3852036480,huggingface/transformers,253,145,2,1,4,108,108,0,0.5731,108,108,True
3848862121,huggingface/transformers,104,103,2,0,4,3,5,1,0.9904,3,3,True
3846334702,huggingface/transformers,0,0,0,0,0,0,0,0,0.0,0,0,False
3845964361,huggingface/transformers,0,0,0,0,0,0,0,0,0.0,0,0,False
3845847645,huggingface/transformers,0,0,0,0,0,0,0,0,0.0,0,0,False
3847526285,huggingface/transformers,0,0,0,0,0,0,0,0,0.0,0,0,False
3845766811,huggingface/transformers,0,0,0,0,0,0,0,0,0.0,0,0,False
3848201056,huggingface/transformers,1935,2006,81,20,73,14,99,4,1.0367,14,14,True
3841953133,huggingface/transformers,12,8,0,0,0,4,4,0,0.6667,4,4,True
3841746723,huggingface/transformers,9,8,0,0,0,1,1,0,0.8889,1,1,True
3840930126,huggingface/transformers,12,11,0,0,0,1,1,0,0.9167,1,1,True
3840891176,huggingface/transformers,9,7,0,0,0,2,2,0,0.7778,3,2,True
3840750111,huggingface/transformers,697,689,3,7,51,17,26,2,0.9885,17,17,True
3840744606,huggingface/transformers,12,9,0,0,0,3,3,0,0.75,3,3,True
3840310150,huggingface/transformers,5627,5871,258,31,131,22,288,4,1.0434,22,22,True
3295236013,pandas-dev/pandas,0,0,0,0,0,0,0,0,0.0,0,0,False
3530929789,pandas-dev/pandas,33,31,0,0,0,2,2,0,0.9394,2,2,True
3082756385,pandas-dev/pandas,0,0,0,0,0,0,0,0,0.0,0,0,False
3593466748,pandas-dev/pandas,0,0,0,0,0,0,0,0,0.0,0,0,False
3293194835,pandas-dev/pandas,47,41,0,0,0,6,6,0,0.8723,6,6,True
3472993753,pandas-dev/pandas,9,8,0,0,0,1,1,0,0.8889,1,1,True
3374284553,pandas-dev/pandas,0,0,0,0,0,0,0,0,0.0,0,0,False
3056064887,pandas-dev/pandas,12,11,1,0,0,2,3,0,0.9167,2,2,True
3336014387,pandas-dev/pandas,16,15,1,0,0,2,3,1,0.9375,2,2,True
2871512643,pandas-dev/pandas,10,8,0,0,0,2,2,0,0.8,3,2,True
3477795619,pandas-dev/pandas,10,8,0,0,0,2,2,0,0.8,2,2,True
2801885574,pandas-dev/pandas,0,0,0,0,0,0,0,0,0.0,0,0,False
3652410094,pandas-dev/pandas,21,20,0,0,0,1,1,0,0.9524,1,1,True
3436108904,pandas-dev/pandas,27,28,3,0,1,2,5,1,1.037,2,2,True
3423512493,pandas-dev/pandas,38,33,2,0,3,6,7,1,0.8684,6,6,True
3386782929,pandas-dev/pandas,0,0,0,0,0,0,0,0,0.0,0,0,False
3646524400,pandas-dev/pandas,0,0,0,0,0,0,0,0,0.0,0,0,False
3639262069,pandas-dev/pandas,0,0,0,0,0,0,0,0,0.0,1,0,False
3513552947,pandas-dev/pandas,6,4,0,0,0,2,2,0,0.6667,2,2,True
3358368640,pandas-dev/pandas,10,9,0,0,0,1,1,0,0.9,1,1,True
3907739102,pandas-dev/pandas,4,2,0,0,0,2,2,0,0.5,2,2,True
2862278554,pandas-dev/pandas,53,48,3,0,0,7,9,1,0.9057,7,7,True
3376517132,pandas-dev/pandas,0,0,0,0,0,0,0,0,0.0,0,0,False
2846906550,pandas-dev/pandas,0,0,0,0,0,0,0,0,0.0,0,0,False
3310345490,pandas-dev/pandas,0,0,0,0,0,0,0,0,0.0,0,0,False
3436125604,pandas-dev/pandas,29,30,6,1,1,3,7,3,1.0345,3,3,True
3495136595,pandas-dev/pandas,276,309,58,1,26,18,69,3,1.1196,18,18,True
3457685742,pandas-dev/pandas,85,87,5,1,2,4,10,4,1.0235,4,4,True
3099850498,pandas-dev/pandas,0,0,0,0,0,0,0,0,0.0,0,0,False
3129120762,pandas-dev/pandas,26,25,0,0,0,1,1,0,0.9615,1,1,True
3031618119,pandas-dev/pandas,108,77,0,0,0,31,31,0,0.713,32,31,True
3773958729,pandas-dev/pandas,0,0,0,0,0,0,0,0,0.0,0,0,False
2793806003,pandas-dev/pandas,76,80,6,1,0,2,8,4,1.0526,2,2,True
3736266112,pandas-dev/pandas,24,23,1,0,0,2,3,0,0.9583,2,2,True
2843785163,pandas-dev/pandas,9,8,0,0,0,1,1,0,0.8889,1,1,True
3231053723,pandas-dev/pandas,38,41,5,0,0,2,7,1,1.0789,2,2,True
2917233037,pandas-dev/pandas,17,15,0,0,1,2,2,0,0.8824,2,2,True
3149780457,pandas-dev/pandas,0,0,0,0,0,0,0,0,0.0,0,0,False
3468996581,pandas-dev/pandas,98,98,2,0,3,2,4,1,1.0,2,2,True
3237386088,pandas-dev/pandas,0,0,0,0,0,0,0,0,0.0,0,0,False
3452602718,pandas-dev/pandas,14,12,0,0,1,2,2,0,0.8571,2,2,True
3405516501,pandas-dev/pandas,0,0,0,0,0,0,0,0,0.0,0,0,False
3448313784,pandas-dev/pandas,47,41,0,0,0,6,6,0,0.8723,6,6,True
3791308752,pandas-dev/pandas,26,25,1,0,1,2,3,0,0.9615,2,2,True
2960354545,pandas-dev/pandas,0,0,0,0,0,0,0,0,0.0,0,0,False
3246730543,pandas-dev/pandas,19,17,1,0,1,3,4,0,0.8947,3,3,True
3646489066,pandas-dev/pandas,43,38,2,0,2,5,5,1,0.8837,5,5,True
3519577492,pandas-dev/pandas,34,31,11,0,9,7,11,2,0.9118,7,7,True
3189092799,pandas-dev/pandas,129,118,2,0,2,13,15,1,0.9147,13,13,True
2803953387,pandas-dev/pandas,49,40,1,0,0,9,9,0,0.8163,14,9,True
3345280928,pandas-dev/pandas,7,6,0,0,0,1,1,0,0.8571,1,1,True
3783957008,pandas-dev/pandas,50,48,1,0,2,3,4,1,0.96,3,3,True
3658405804,pandas-dev/pandas,22,21,1,0,1,2,3,0,0.9545,2,2,True
2785595943,pandas-dev/pandas,35,40,6,0,4,1,7,1,1.1429,1,1,True
3105856017,pandas-dev/pandas,0,0,0,0,0,0,0,0,0.0,0,0,False
3524959376,pandas-dev/pandas,11,10,0,0,0,1,1,0,0.9091,1,1,True
3043493383,pandas-dev/pandas,11,10,0,0,0,1,1,0,0.9091,1,1,True
3492171088,pandas-dev/pandas,0,0,0,0,0,0,0,0,0.0,0,0,False
3530877055,pandas-dev/pandas,73,75,4,0,0,2,6,2,1.0274,2,2,True
3143204177,pandas-dev/pandas,107,106,0,0,0,1,1,0,0.9907,1,1,True
2933980930,pandas-dev/pandas,0,0,0,0,0,0,0,0,0.0,0,0,False
3366618682,pandas-dev/pandas,13,12,0,0,0,1,1,0,0.9231,1,1,True
2834084061,pandas-dev/pandas,12,11,1,0,1,2,3,0,0.9167,2,2,True
2850796198,pandas-dev/pandas,0,0,0,0,0,0,0,0,0.0,0,0,False
2871972138,pandas-dev/pandas,0,0,0,0,0,0,0,0,0.0,0,0,False
3467593659,pandas-dev/pandas,0,0,0,0,0,0,0,0,0.0,0,0,False
3461089887,pandas-dev/pandas,0,0,0,0,0,0,0,0,0.0,0,0,False
3140996023,pandas-dev/pandas,1257,1363,121,17,79,7,120,5,1.0843,7,7,True
3406506986,pandas-dev/pandas,3,2,0,0,0,1,1,0,0.6667,1,1,True
3280882240,pandas-dev/pandas,32,36,4,2,0,2,8,3,1.125,2,2,True
3539578745,pandas-dev/pandas,0,0,0,0,0,0,0,0,0.0,0,0,False
3185567282,pandas-dev/pandas,0,0,0,0,0,0,0,0,0.0,0,0,False
3436318179,pandas-dev/pandas,38,37,1,0,2,2,3,0,0.9737,2,2,True
2860478036,pandas-dev/pandas,0,0,0,0,0,0,0,0,0.0,0,0,False
3515076490,pandas-dev/pandas,0,0,0,0,0,0,0,0,0.0,0,0,False
3245151018,pandas-dev/pandas,9,8,0,0,0,1,1,0,0.8889,1,1,True
2885073479,pandas-dev/pandas,57,54,0,0,0,3,3,0,0.9474,3,3,True
3790213231,pandas-dev/pandas,12,12,1,1,0,2,4,0,1.0,2,2,True
3201071595,pandas-dev/pandas,24,23,0,0,0,1,1,0,0.9583,1,1,True
3139444513,pandas-dev/pandas,0,0,0,0,0,0,0,0,0.0,0,0,False
2981857582,pandas-dev/pandas,0,0,0,0,0,0,0,0,0.0,0,0,False
2977911647,pandas-dev/pandas,30,30,2,0,1,2,4,1,1.0,2,2,True
2963571687,pandas-dev/pandas,0,0,0,0,0,0,0,0,0.0,0,0,False
3395622214,pandas-dev/pandas,11,10,0,0,0,1,1,0,0.9091,1,1,True
3850487386,pandas-dev/pandas,0,0,0,0,0,0,0,0,0.0,1,0,False
3401382084,pandas-dev/pandas,6,5,0,0,0,1,1,0,0.8333,1,1,True
3308817968,pandas-dev/pandas,46,48,3,0,5,1,4,1,1.0435,1,1,True
2887734677,pandas-dev/pandas,124,123,0,0,2,1,1,0,0.9919,1,1,True
3391981820,pandas-dev/pandas,41,39,0,0,2,2,2,0,0.9512,2,2,True
3283907144,pandas-dev/pandas,27,26,1,0,0,2,3,1,0.963,2,2,True
2942658981,pandas-dev/pandas,21,20,0,0,0,1,1,0,0.9524,1,1,True
3308985899,pandas-dev/pandas,51,40,0,0,0,11,11,0,0.7843,11,11,True
3370590895,pandas-dev/pandas,23,16,0,0,0,7,7,0,0.6957,7,7,True
3248822210,pandas-dev/pandas,30,28,0,0,0,2,2,0,0.9333,2,2,True
3432717346,pandas-dev/pandas,0,0,0,0,0,0,0,0,0.0,0,0,False
3569832665,pandas-dev/pandas,102,74,0,0,1,28,28,0,0.7255,28,28,True
3000349241,pandas-dev/pandas,0,0,0,0,0,0,0,0,0.0,0,0,False
3524038919,pandas-dev/pandas,88,95,10,0,12,3,13,2,1.0795,3,3,True
3183305224,pandas-dev/pandas,0,0,0,0,0,0,0,0,0.0,0,0,False
3362070671,pandas-dev/pandas,0,0,0,0,0,0,0,0,0.0,0,0,False
3735916979,pandas-dev/pandas,3,2,0,0,0,1,1,0,0.6667,1,1,True
2822697277,pandas-dev/pandas,19,16,0,0,2,3,3,0,0.8421,3,3,True
3358516395,pandas-dev/pandas,24,24,3,0,2,2,4,1,1.0,2,2,True
3571062516,pandas-dev/pandas,6,5,0,0,0,1,1,0,0.8333,1,1,True
2876515888,pandas-dev/pandas,5,4,0,0,1,1,1,0,0.8,1,1,True
3183640705,pandas-dev/pandas,4,3,0,0,0,1,1,0,0.75,1,1,True
3728989862,pandas-dev/pandas,20,19,0,0,0,1,1,0,0.95,1,1,True
3228906699,pandas-dev/pandas,8,4,0,0,0,4,4,0,0.5,4,4,True
3647403927,pandas-dev/pandas,4,3,0,0,0,1,1,0,0.75,1,1,True
3164267228,pandas-dev/pandas,3,3,1,0,0,1,2,0,1.0,1,1,True
3495057776,pandas-dev/pandas,115,136,24,0,6,1,23,3,1.1826,1,1,True
2944697949,pandas-dev/pandas,61,69,11,1,11,2,12,3,1.1311,2,2,True
3641585803,pandas-dev/pandas,0,0,0,0,0,0,0,0,0.0,0,0,False
3943622921,pandas-dev/pandas,12,11,0,0,0,1,1,0,0.9167,1,1,True
3448276744,pandas-dev/pandas,2,1,0,0,0,1,1,0,0.5,1,1,True
3092439492,pandas-dev/pandas,28,30,4,0,2,2,6,2,1.0714,2,2,True
3110337671,pandas-dev/pandas,144,134,3,0,1,11,12,3,0.9306,11,11,True
2948946169,pandas-dev/pandas,107,107,6,0,0,6,12,1,1.0,9,6,True
3599217378,pandas-dev/pandas,0,0,0,0,0,0,0,0,0.0,0,0,False
3436252717,pandas-dev/pandas,138,140,5,0,5,2,6,2,1.0145,2,2,True
3791923088,pandas-dev/pandas,3,2,0,0,0,1,1,0,0.6667,1,1,True
3416042889,pandas-dev/pandas,0,0,0,0,0,0,0,0,0.0,0,0,False
3191484829,pandas-dev/pandas,81,82,2,0,0,1,3,1,1.0123,1,1,True
3665463138,pandas-dev/pandas,21,20,0,0,0,1,1,0,0.9524,1,1,True
3328304666,pandas-dev/pandas,124,133,23,0,12,5,19,4,1.0726,5,5,True
3652375737,pandas-dev/pandas,11,10,0,0,0,1,1,0,0.9091,1,1,True
3007641243,pandas-dev/pandas,3,2,0,0,0,1,1,0,0.6667,1,1,True
3032423865,pandas-dev/pandas,0,0,0,0,0,0,0,0,0.0,0,0,False
3166090722,pandas-dev/pandas,9,7,0,0,0,2,2,0,0.7778,2,2,True
3699961429,pandas-dev/pandas,65,69,9,1,10,3,10,2,1.0615,3,3,True
3907300782,pandas-dev/pandas,28,23,3,1,1,6,7,0,0.8214,6,6,True
2871697106,pandas-dev/pandas,110,111,4,0,5,3,7,1,1.0091,6,3,True
3664130106,pandas-dev/pandas,38,37,2,0,0,1,1,1,0.9737,1,1,True
3324200572,pandas-dev/pandas,2,1,0,0,0,1,1,0,0.5,1,1,True
3612428124,pandas-dev/pandas,6,5,0,0,0,1,1,0,0.8333,1,1,True
3132476589,pandas-dev/pandas,2990,2958,7,16,11,53,74,3,0.9893,54,53,True
3207992382,pandas-dev/pandas,14,13,0,0,0,1,1,0,0.9286,1,1,True
3914281850,pandas-dev/pandas,8,7,0,0,0,1,1,0,0.875,1,1,True
3521789354,pandas-dev/pandas,0,0,0,0,0,0,0,0,0.0,0,0,False
3062508471,pandas-dev/pandas,10,9,0,0,0,1,1,0,0.9,1,1,True
3205309458,pandas-dev/pandas,53,52,0,0,0,1,1,0,0.9811,1,1,True
3530831752,pandas-dev/pandas,47,47,2,0,0,2,4,1,1.0,2,2,True
3401476150,pandas-dev/pandas,3,2,0,0,0,1,1,0,0.6667,1,1,True
3376986780,pandas-dev/pandas,20,11,0,0,0,9,9,0,0.55,9,9,True
2876395494,pandas-dev/pandas,446,460,29,0,8,5,24,3,1.0314,5,5,True
3625301721,pandas-dev/pandas,3,2,0,0,0,1,1,0,0.6667,1,1,True
3656644773,pandas-dev/pandas,178,180,9,0,29,6,14,1,1.0112,6,6,True
3907289541,pandas-dev/pandas,0,0,0,0,0,0,0,0,0.0,0,0,False
3284326759,pandas-dev/pandas,10,9,0,0,0,1,1,0,0.9,1,1,True
3243211595,pandas-dev/pandas,0,0,0,0,0,0,0,0,0.0,0,0,False
3372188717,pandas-dev/pandas,0,0,0,0,0,0,0,0,0.0,0,0,False
3202002967,pandas-dev/pandas,8,7,0,0,0,1,1,0,0.875,1,1,True
3652359627,pandas-dev/pandas,15,13,0,0,0,2,2,0,0.8667,2,2,True
2787555329,pandas-dev/pandas,97,117,16,7,10,1,22,8,1.2062,1,1,True
3119964156,pandas-dev/pandas,7,5,0,0,0,2,2,0,0.7143,2,2,True
3705587596,pandas-dev/pandas,25,22,0,0,0,3,3,0,0.88,3,3,True
3158643821,pandas-dev/pandas,0,0,0,0,0,0,0,0,0.0,0,0,False
3397876020,pandas-dev/pandas,117,113,2,0,0,6,8,0,0.9658,6,6,True
3111109324,pandas-dev/pandas,24,21,0,0,0,3,3,0,0.875,3,3,True
3272577445,pandas-dev/pandas,18,17,0,0,0,1,1,0,0.9444,1,1,True
3231691831,pandas-dev/pandas,0,0,0,0,0,0,0,0,0.0,0,0,False
3169282307,pandas-dev/pandas,10,9,0,0,0,1,1,0,0.9,1,1,True
3483198159,pandas-dev/pandas,0,0,0,0,0,0,0,0,0.0,0,0,False
3472712436,pandas-dev/pandas,29,30,3,0,0,2,5,1,1.0345,2,2,True
3495578543,pandas-dev/pandas,0,0,0,0,0,0,0,0,0.0,0,0,False
3442076423,pandas-dev/pandas,6,5,0,0,0,1,1,0,0.8333,1,1,True
2835090572,pandas-dev/pandas,61,75,17,0,0,2,18,1,1.2295,2,2,True
3693548747,pandas-dev/pandas,16,14,0,0,1,2,2,0,0.875,2,2,True
2945598388,pandas-dev/pandas,96,111,17,1,15,1,17,2,1.1562,1,1,True
3664248743,pandas-dev/pandas,39,40,4,0,2,2,5,2,1.0256,2,2,True
2946838240,pandas-dev/pandas,37,36,1,0,2,2,3,1,0.973,2,2,True
3133201912,pandas-dev/pandas,0,0,0,0,0,0,0,0,0.0,0,0,False
2914206460,pandas-dev/pandas,8,8,1,0,1,1,2,1,1.0,1,1,True
3594258401,pandas-dev/pandas,10,9,1,0,0,2,3,1,0.9,2,2,True
3201613468,pandas-dev/pandas,10,9,0,0,0,1,1,0,0.9,1,1,True
3450355629,pandas-dev/pandas,7,6,0,0,0,1,1,0,0.8571,1,1,True
3915372642,pandas-dev/pandas,34,31,1,0,2,4,5,1,0.9118,4,4,True
3610174818,pandas-dev/pandas,45,43,0,0,0,2,2,0,0.9556,2,2,True
3056057701,pandas-dev/pandas,21,18,0,0,0,3,3,0,0.8571,3,3,True
3239259293,pandas-dev/pandas,189,136,0,37,1,56,59,1,0.7196,56,56,True
3218576607,pandas-dev/pandas,43,44,3,1,1,2,5,3,1.0233,2,2,True
3391935572,pandas-dev/pandas,5,4,0,0,0,1,1,0,0.8,1,1,True
3711241188,pandas-dev/pandas,17,15,0,0,0,2,2,0,0.8824,2,2,True
2935569111,pandas-dev/pandas,41,38,1,0,0,3,3,0,0.9268,3,3,True
2847198157,pandas-dev/pandas,0,0,0,0,0,0,0,0,0.0,0,0,False
3465551440,pandas-dev/pandas,0,0,0,0,0,0,0,0,0.0,0,0,False
3358404370,pandas-dev/pandas,11,10,0,0,0,1,1,0,0.9091,1,1,True
2846405707,pandas-dev/pandas,0,0,0,0,0,0,0,0,0.0,0,0,False
2992310830,pandas-dev/pandas,3,2,0,0,0,1,1,0,0.6667,1,1,True
3200505966,pandas-dev/pandas,0,0,0,0,0,0,0,0,0.0,0,0,False
3184852176,pandas-dev/pandas,27,26,0,0,0,1,1,0,0.963,1,1,True
3037970801,pandas-dev/pandas,2,1,0,0,0,1,1,0,0.5,1,1,True
2846363657,pandas-dev/pandas,0,0,0,0,0,0,0,0,0.0,0,0,False
3937379087,pandas-dev/pandas,0,0,0,0,0,0,0,0,0.0,0,0,False
3252977620,pandas-dev/pandas,0,0,0,0,0,0,0,0,0.0,0,0,False
2793706507,pandas-dev/pandas,156,144,12,0,3,20,28,2,0.9231,21,20,True
2877389205,pandas-dev/pandas,3,2,0,2,0,1,1,0,0.6667,1,1,True
3015090212,pandas-dev/pandas,17,16,0,0,0,1,1,0,0.9412,1,1,True
3086492445,pandas-dev/pandas,22,22,1,1,0,2,4,0,1.0,2,2,True
3531093904,pandas-dev/pandas,34,36,3,1,1,2,6,2,1.0588,2,2,True
3257735117,pandas-dev/pandas,5,4,0,0,1,1,1,0,0.8,1,1,True
2990963674,pandas-dev/pandas,20,11,0,0,0,9,9,0,0.55,9,9,True
3366532146,pandas-dev/pandas,10,8,0,0,0,2,2,0,0.8,2,2,True
3636872809,pandas-dev/pandas,9,8,1,0,1,2,3,0,0.8889,2,2,True
3358393402,pandas-dev/pandas,14,13,0,0,0,1,1,0,0.9286,1,1,True
2982324050,pandas-dev/pandas,12,12,2,0,2,2,4,1,1.0,2,2,True
2990586630,pandas-dev/pandas,0,0,0,0,0,0,0,0,0.0,0,0,False
3401647938,pandas-dev/pandas,87,86,0,0,4,1,1,0,0.9885,1,1,True
3097142784,pandas-dev/pandas,36,31,0,0,1,5,5,0,0.8611,5,5,True
3483058451,pandas-dev/pandas,188,143,0,0,0,45,45,0,0.7606,45,45,True
2860153085,pandas-dev/pandas,0,0,0,0,0,0,0,0,0.0,0,0,False
3477795840,pandas-dev/pandas,16,13,0,0,1,3,3,0,0.8125,4,3,True
3185916164,pandas-dev/pandas,22,21,0,0,0,1,1,0,0.9545,1,1,True
2887110212,pandas-dev/pandas,44,45,2,3,4,2,5,2,1.0227,2,2,True
3482851079,pandas-dev/pandas,18,18,2,0,0,2,4,1,1.0,2,2,True
2800436934,pandas-dev/pandas,25,23,1,0,1,3,4,0,0.92,6,3,True
3477782316,pandas-dev/pandas,10,9,0,0,0,1,1,0,0.9,1,1,True
3447565979,pandas-dev/pandas,10,9,1,0,0,2,3,1,0.9,6,2,True
3868138392,pandas-dev/pandas,48,46,2,0,0,3,4,1,0.9583,3,3,True
3652418648,pandas-dev/pandas,14,13,0,0,0,1,1,0,0.9286,1,1,True
2880770321,pandas-dev/pandas,34,33,1,0,1,2,3,1,0.9706,2,2,True
3678053853,pandas-dev/pandas,0,0,0,0,0,0,0,0,0.0,0,0,False
3054748873,pandas-dev/pandas,11,7,0,1,0,4,4,0,0.6364,4,4,True
3884901222,pandas-dev/pandas,0,0,0,0,0,0,0,0,0.0,0,0,False
3345666589,pandas-dev/pandas,0,0,0,0,0,0,0,0,0.0,0,0,False
3487930429,pandas-dev/pandas,13,10,0,0,1,3,3,0,0.7692,3,3,True
3960725715,pandas-dev/pandas,52,49,0,0,1,3,3,0,0.9423,3,3,True
3517910220,pandas-dev/pandas,3,2,0,0,0,1,1,0,0.6667,1,1,True
3366854457,pandas-dev/pandas,0,0,0,0,0,0,0,0,0.0,0,0,False
3633434201,pandas-dev/pandas,7,6,0,0,0,1,1,0,0.8571,1,1,True
2861633013,pandas-dev/pandas,9,8,2,0,0,1,1,1,0.8889,1,1,True
3207826552,pandas-dev/pandas,53,50,0,0,0,3,3,0,0.9434,3,3,True
3436843530,pandas-dev/pandas,12,7,0,0,0,5,5,0,0.5833,5,5,True
2799861122,pandas-dev/pandas,3,2,0,0,1,1,1,0,0.6667,1,1,True
3056676348,pandas-dev/pandas,297,296,3,2,37,6,11,1,0.9966,9,6,True
3431029928,pandas-dev/pandas,36,35,3,0,3,3,5,1,0.9722,3,3,True
3760806588,pandas-dev/pandas,15,12,0,0,0,3,3,0,0.8,3,3,True
3062256704,pandas-dev/pandas,11,10,1,0,1,2,3,0,0.9091,2,2,True
3311166030,pandas-dev/pandas,81,87,11,5,13,3,12,2,1.0741,3,3,True
3777258281,pandas-dev/pandas,26,24,1,0,0,2,2,0,0.9231,2,2,True
3318805468,pandas-dev/pandas,0,0,0,0,0,0,0,0,0.0,0,0,False
3130992116,pandas-dev/pandas,154,125,0,0,1,29,29,0,0.8117,31,29,True
3460935977,pandas-dev/pandas,14,12,0,0,0,2,2,0,0.8571,2,2,True
3086505372,pandas-dev/pandas,86,86,1,0,0,1,2,1,1.0,1,1,True
2948801074,pandas-dev/pandas,13,12,0,0,0,1,1,0,0.9231,1,1,True
3087072336,pandas-dev/pandas,56,59,6,0,1,2,7,2,1.0536,2,2,True
3684777974,pandas-dev/pandas,0,0,0,0,0,0,0,0,0.0,0,0,False
3379726618,pandas-dev/pandas,15,13,0,0,0,2,2,0,0.8667,2,2,True
3392663387,pandas-dev/pandas,6,5,1,0,2,1,1,1,0.8333,1,1,True
3067971661,pandas-dev/pandas,83,82,0,0,0,1,1,0,0.988,1,1,True
3776498063,pandas-dev/pandas,6,5,0,0,0,1,1,0,0.8333,1,1,True
3490058864,pandas-dev/pandas,3,2,0,0,0,1,1,0,0.6667,1,1,True
3604854481,pandas-dev/pandas,7,7,1,0,3,1,2,1,1.0,1,1,True
3783124291,pandas-dev/pandas,2,1,0,0,0,1,1,0,0.5,1,1,True
3016506508,pandas-dev/pandas,0,0,0,0,0,0,0,0,0.0,0,0,False
3379758386,pandas-dev/pandas,10,9,0,0,0,1,1,0,0.9,1,1,True
2851302041,pandas-dev/pandas,0,0,0,0,0,0,0,0,0.0,0,0,False
3813353102,pandas-dev/pandas,14,13,0,0,0,1,1,0,0.9286,1,1,True
3751384566,pandas-dev/pandas,0,0,0,0,0,0,0,0,0.0,0,0,False
2926072414,pandas-dev/pandas,104,107,6,1,6,3,9,3,1.0288,3,3,True
3665456574,pandas-dev/pandas,79,77,1,3,0,4,6,1,0.9747,4,4,True
3968276837,pandas-dev/pandas,30,27,0,0,1,3,3,0,0.9,3,3,True
3914281802,pandas-dev/pandas,10,8,1,0,0,2,2,0,0.8,2,2,True
3362070932,pandas-dev/pandas,11,10,1,0,0,2,3,0,0.9091,2,2,True
3270542735,pandas-dev/pandas,2,1,1,0,0,1,1,0,0.5,1,1,True
3138455332,pandas-dev/pandas,27,14,0,0,0,13,13,0,0.5185,13,13,True
3913120529,pandas-dev/pandas,22,20,0,0,0,2,2,0,0.9091,2,2,True
2906487127,pandas-dev/pandas,70,71,3,0,3,2,5,1,1.0143,2,2,True
3679490531,pandas-dev/pandas,10,9,2,0,0,2,3,1,0.9,2,2,True
3785589937,pandas-dev/pandas,11,11,1,0,0,1,2,1,1.0,1,1,True
3345314566,pandas-dev/pandas,10,10,1,0,2,1,2,1,1.0,1,1,True
3358400248,pandas-dev/pandas,10,9,0,0,0,1,1,0,0.9,1,1,True
3597634966,pandas-dev/pandas,6,6,1,0,0,1,2,1,1.0,1,1,True
3335049754,pandas-dev/pandas,22,21,0,0,0,1,1,0,0.9545,1,1,True
3494089526,pandas-dev/pandas,37,40,5,0,2,2,7,2,1.0811,2,2,True
2866796906,pandas-dev/pandas,43,26,0,0,3,17,17,0,0.6047,17,17,True
3607432937,pandas-dev/pandas,0,0,0,0,0,0,0,0,0.0,0,0,False
2850272119,pandas-dev/pandas,23,21,0,0,0,2,2,0,0.913,2,2,True
3765839234,pandas-dev/pandas,17,15,0,0,0,2,2,0,0.8824,2,2,True
3177636716,pandas-dev/pandas,57,56,1,2,1,4,7,2,0.9825,4,4,True
3226975229,pandas-dev/pandas,0,0,0,0,0,0,0,0,0.0,0,0,False
2898446359,pandas-dev/pandas,8,7,0,0,0,1,1,0,0.875,1,1,True
3358290513,pandas-dev/pandas,39,40,3,0,1,2,5,1,1.0256,2,2,True
3487987843,pandas-dev/pandas,12,11,0,0,0,1,1,0,0.9167,1,1,True
2927176601,pandas-dev/pandas,45,44,2,0,0,2,3,1,0.9778,2,2,True
3331102461,pandas-dev/pandas,0,0,0,0,0,0,0,0,0.0,0,0,False
3385355904,pandas-dev/pandas,0,0,0,0,0,0,0,0,0.0,0,0,False
3290239611,pandas-dev/pandas,28,26,0,0,0,2,2,0,0.9286,2,2,True
3294132307,pandas-dev/pandas,2,1,0,0,0,1,1,0,0.5,1,1,True
3550774049,pandas-dev/pandas,27,25,0,0,0,2,2,0,0.9259,2,2,True
3672130440,pandas-dev/pandas,10,9,0,0,0,1,1,0,0.9,1,1,True
3272757052,pandas-dev/pandas,29,27,2,0,1,3,4,0,0.931,3,3,True
2847148959,pandas-dev/pandas,44,41,1,0,2,4,5,1,0.9318,4,4,True
3024084625,pandas-dev/pandas,15,15,1,0,1,1,2,1,1.0,1,1,True
